informal,formal,formal_pred
Jd?! Apa maksud anda dgn semua komentar2 yg ada ini??,Jd?! Apa maksud anda dengan semua komentar-komentar yang ada ini??, jd?! apa maksud anda dengan semua komentar-komentar yang ada ini??????
Berasa silauuu,Berasa silau, berasa silauuuuuuuuu
Baru aku sadar dia cantik beudd @dianputri929 diantak termiribkan,Baru aku sadar dia cantik banget @dianputri929 diantak termiripkan, baru aku sadar dia cantik beudd @dianputri929 diantak termiribkankankan tubuh @duddewi929
"Happy birthday kak, semoga bahagia selalu dan segera married. Tuhan memberkati semua aspek dlm kehidupanmu. ??","Happy birthday kak, semoga bahagia selalu dan segera married. Tuhan memberkati semua aspek dalam kehidupanmu. ??"," happy birthday kak, semoga bahagia selalu dan segera married. tuhan memberkati semua aspek dalam kehidupanmu. ?? ?? ??"
Uda nonton kak disurabaya,Uda menonton kak disurabaya, uda menonton kak disurabaya disurabaya surabaya disurabaya.
God Is Love ? itu dkuburnya daerah mana iya..,God Is Love ? itu dikuburnya daerah mana iya.., god is love ? itu dkuburnya daerah mana iya.. iya..
Amiin ya allah,Amiin ya allah, amiin ya allah allah allah amin ya allah amin amin yaallah ya allah aamiin ya allah ya allah amiin amiin allah amin amiin yaallah amin amin allah amiin ya amin amin amin amiin amin ya amin allah amin allah allah amiin amin amin aamiin yaallah amiin ya ya allahamin ya allah alah amiin amiin amin amiin amiin ya alah amin amiin allah amiin allah allah swt ya allah doanya ya allah semoga ya allah terkabul ya allahallah amin ya amiin ya rabb ya allah ya allah kabul amin ya alah amiin ya
@miaznr awas lo ga konsisten,@miaznr awas lo enggak konsisten, @miaznr awas lo enggak konsisten
Gak menor n norak!! Gk ky lu. Lu yg lenje ?,Gak menor n norak!! Gk kaya lu. Lu yang lenjeh ?, gak menor n norak!! enggak kaya lu. lu yang lenje ? ?
@fanistep bae2 dikomen lg?,@fanistep baik-baik dikomen lagi?, @fanistep bae2 dikomen lagi?
"Ariel cocok ma luna,,,sedih dech pas tau ariel putus ma luna,,,","Ariel cocok sama luna,,,sedih deh pas tau ariel putus sama luna,,,"," ariel cocok sama ariel,,,sedih deh pas tau ariel putus sama luna,,,terima kasih deh,sama luna,,,,,tapi deh pas ariel jadian sama luna,,,,,,,amin,,,senamat deh,,,pasti deh ariel sama ariel putus ma luna,,"
@atyrasarlis  pong mcm muka mu blng c @beecarlsen,@atyrasarlis  pong macam muka mu bilang c @beecarlsen, @atyrasarlis macam muka mu pakai c @beecarlsenenggak @begitulah @dinienggakmasarlis tahi @dienggakkasarlis @benenggaklsenenggasarlis
ka alu nge fans bgt,kak aku nge fans banget, ka alu nge fans banget kak.
@heni.hasibuan  ngefans ma om nicholas dah lama,@heni.hasibuan  ngefans sama om nicholas dah lasama," @heni.hasibuan ngefans sama om nicholas dah lama,terima kasih."
"Ia ini pritt @goprittz , sebelum qta ke jogja gw peen tag in ini ke lw. Gga sabar buat nunggu sekuel nya yaah..","Ia ini pritt @goprittz , sebelum kita ke jogja gue pengin tag in ini ke lu. Gga sabar buat menunggu sekuel nya ya.."," ia ini pritt @goprittz , sebelum gue ke jogja gue pengin tag in ini ke gue. gga sabar buat nunggu sekuel nya ya......"
Onlen sop galaku aja lu belagu jing tot @queenshopmur,Onlen sop galaku aja lu belagu anjing entot @queenshopmur, onlen sop galaku saja lu belagu jing tot @queenshopmurni onenggakkk @enggakmhopmurgu
"Menuntut ilmu setinggi langit, bagus, bagus banget, dunia dunia dunia menjulang tinggi, akhiratnya kliatan, belajar aqidah nya minus, what the maksud puji Tuhan!!!","Menuntut ilmu setinggi langit, bagus, bagus banget, dunia dunia dunia menjulang tinggi, akhiratnya kelihatan, belajar aqidah nya minus, what the maksud puji Tuhan!!!"," menuntut ilmu setinggi langit, bagus, bagus banget, dunia dunia dunia menjulang tinggi, akhiratnya kelihatan, belajar aqidah nya minus, what the maksud puji tuhan!!!"
"nnti aku bikin yaa, love challange ya? @meliagustn","nanti aku bikin ya, love challange ya? @meliagustn"," nnti aku bikin ya, love challange ya? @meliagustntnttntntnkttntn nnti. @mattntngntntngettn nnti nnti nnti."
Pengen duet Tapi kapan?,Pengen duet Tapi kapan?, pengen duet tapi kapan??
"pliss... Nggak kuat,, tapi kuat deng... Eh,, kagak kuat lah,, pengen poto jugağŸ˜¢ @atinwidha","pliss... Nggak kuat,, tapi kuat deng... Eh,, kagak kuat lah,, pengin poto jugağŸ˜¢ @atinwidha"," pliss... nggak kuat,, tapi kuat deng... eh,, kagak kuat lah,, pengen poto juenggakÃ°<0x9F><0x98>Â¢ @atinwidhahahalah,, puenggak dong,, puenggakalah pl pl plok plok,, plok... plok"
"Make up nya bener bener bagus bgt, smpe ga bosen liat nya","Make up nya benar benar bagus banget, sampai enggak bosan lihat nya"," make up nya bener bener bagus banget, sampai enggak bosan lihat nya nya nya benar benar bagus banget"
Kangeen @prillylatuconsina96  @aliandooo #everythingisfine â¤â¤,Kangeen @prillylatuconsina96  @aliandooo #everythingisfine â¤â¤, kangeen @prillylatuconsina96 @aliandooo #everythingisfine @<0x9D>Â¤Ã¢<0x9D>Â¤<0x9D>Â¤
Njiirr kok tau kau? @adewulansh,Njiirr kok tau kau? @adewulansh," njiirr kok tau kau? @adewulanshawulanshwulanshulansharr, nenggaku nakujahirr! @nakujahrulansharikujahrinijahr!"
Senengg yaa @stefannwilliam goyang bang jalii teruzzz ..,Senengg yaa @stefannwilliam goyang bang jalii terus .., senengg ya @stefannwilliam goyang bang jalii teruzzz .. ..
@oggyyusta apanya ya yg mirip ngeliat foto ini ngerasa mirip km,@oggyyusta apanya ya yg mirip melihat foto ini merasa mirip kamu, @oggyyusta apanya ya yang mirip melihat foto ini merasa mirip kamu yang mirip kamu
Ngooook ? ntar lo denger suara gw nyanyi gabisa tidur  lo @bsahetapy,Ngooook ? entar lo dengar suara gue nyanyi enggak bisa tidur  lo @bsahetapy, ngooook ? ntar lo dengar suara gue nyanyi enggak bisa tidur lo @bsahetapyapyapy @whwhowapyapy
Mau gtu juga kaliii @damanikyoga,Mau gtu juga kali @damanikyoga, mau begitu juga kali @damanikyogad mau mau
"Makasih makasih makasih@DR.HAFIDZ_HEALTYCARE ?? udah bantu aku melangsingkan dan memutihkan seluruh badan ini, jadi pede kemana-mana? beneran dah, sekali lagi thank's yaa@DR.HAFIDZ_HEALTYCARE ? Ayoo Buruan Hubunggi D271DB12 Beli dan Tanyakan Pemakaianya , Gak Usah Ragu Sudah Banyak Pembuktianya Loh!!!","Makasih terima kasih terima kasih@DR.HAFIDZ_HEALTYCARE ?? udah bantu aku melangsingkan dan memutihkan seluruh badan ini, jadi pede kemana-mana? beneran dah, sekali lagi thank's yaa@DR.HAFIDZ_HEALTYCARE ? Ayoo Buruan Hubunggi D271DB12 Beli dan Tanyakan Pemakaianya , Gak Usah Ragu Sudah Banyak Pembuktianya Loh!!!"," makasih makasih terima kasih@dr.hafidz_healtycare ?? udah bantu aku melangsingkan dan memutihkan seluruh badan ini, jadi pede kemana-mana? beneran dah, sekali lagi thank's ya@d.hafil_healscare ? ayoo buruan hubunggi d271db12 beli dan tanyakan pemakaianya , gak usah ragu sudah banyak pembuktianya loh!!!!!! terima kasih sudah banyak testimonanya loh!! terima kasih terima kasih kasih sudah membantu aku membuktikannya loh!!!"
Pans ku dari smp sampe kuliyh gini masih Ada kk marchel gantengg bngett kakk,Pans ku dari smp sampai kuliah begini masih Ada kakak marchel ganteng banget kakakak, pans ku dari smp sampai kuliyh gini masih ada kakak marchel ganteng banget kakkakk semangat kakkak kakakk.
Yg kiri mischa yg kanan marcel,Yg kiri mischa yang kanan marcel, yg kiri mischa yang kanan marcelya kanan marcel marcelya yang kiri marcelya marcelya itu marcelya yg kanan marcely.
Smoga bisa bersatu lg..,Smoga bisa bersatu lagi.., smoga bisa bersatu lagi......
Ciusss lucu banget..palinf fav nih,Ciusss lucu banget..paling favorit nih, ciusss lucu banget..palinf fav nih nih..
Om dhani makin kesini kok wajahnya makin kusem dan kucel ya,Om dhani makin kesini kok wajahnya makin kusam dan kucel ya, om dhani makin kesini kok wajahnya makin kusem dan kucel yaang lucu ya om om omel ya omel- omel omel.
"@novisyahreza kok omongannya gak sopan, perkataan sama jilbabnya gak sesuai percuma tuh aurat ditutupin tp mulut diumbar, walau @lidyaaputrii gk pake jilbab tp lebih menjaga sama omongan disosmednya","@novisyahreza kok omongannya enggak sopan, perkataan sama jilbabnya enggak sesuai percuma tuh aurat ditutupi tapi mulut diumbar, walau @lidyaaputrii enggak pakai jilbab tapi lebih menjaga sama omongan disosmednya"," @novisyahreza kok omongannya enggak sopan, perkataan sama jilbabnya enggak sesuai percuma tuh aurat ditutup tapi mulut diumbar, walau @lidyaaputrii enggak pakai jilbab tapi lebih menjaga sama omongan disosmednyanya."
Favorite nya @adislevana nih kakk,Favorite nya @adislevana nih kak, favorite nya @adislevana nih kakkkkakkkakkaka favorite nih kakakkkaka favorite favorite nyahkakayaya favorite nih kakaka favoriteya @adlevana deh kakkakkaka kesukaan nya #adislevavana nih adekkakk favorite nyaa favoriteyaakkakkakayaakk favorite nyaa nih kakakaka favorite nya
Tetep cantik ka @raisa6690 ???,Tetep cantik ka @raisa6690 ???, tetep cantik ka @raisa6690 ??? ???
Item manis bungggg,Item manis bung, item manis banget! item item item banget!
"Smga utuh kmbl,ga ad wanita lain","Smga utuh kembali,ga ada wanita lain"," smga utuh sampai sekarang,enggak adia wanita lain daripada suaminya yang lain.enggak ada wanita lain"
Cantik bangett.. subhanallah,Cantik banget.. subhanallah, cantik banget.. subhanallah.. subhanallah!
Amiiinn,Amiiinn, amiiinninn am am aminn amamin am amamin
Lbh cantik waktu kecil @nikitawillyofficial94,Lbh cantik waktu kecil @nikitawillyofficial94, lbh cantik waktu kecil @nikitawillyofficial949494
PUCING PALA ABANG NENG??,PUCING PALA ABANG NENG??, pucing pala abang neng??????
NGAREPPPPP AHAHAHA @intanamaliahh Tapi Aamiinin dulu aja ya,NGAREPPPPP AHAHAHA @intanamaliahh Tapi Aamiinin dulu saja ya, ngareppppp ahahaha @intanamaliahh tapi aminin dulu aja ya ya ya allah yaang ngarep ngarep dulu saja ya ya ngarep ngarep ngarep
Bedain dari tatto nya aj..he bang @marcelchandra,Bedain dari tatto nya saja..he bang @marcelchandra, bedain dari tatto nya saja..he bang @marcelchandraandraandra
"Wanita gak,tau malu senang bget hancurin rmh tangga orang","Wanita gak,tau malu senang banget menghancurkan rumah tangga orang"," wanita enggak,tau malu senang banget hancur rumah tangga orang tuanya orang tua orang tua wanita.wanita enggak,tidak"
Ini naaahhh ğŸ˜ğŸ˜ @riansaputrayusuf,Ini nah ğŸ˜ğŸ˜ @riansaputrayusuf, ini naaahhh Ã°<0x9F><0x98><0x81>Ã°<0x9F><0x99><0x81> @riansaputrayusufusufufufarufariniaahhh.
Wkwkw kaku ya paaak,Wkwkw kaku ya pak, wkwkw kaku ya paaakaakaakkkk wkwkw wkwkw wkwkwkwkw wkwkw wkwkw
Teteh mkn cantik pake hijab ?,Teteh makin cantik pakai hijab ?, teteh cantik pakai hijab ? ?
astaghfirullah mulutnyaaa,astaghfirullah mulutnya, astaghfirullah mulutnyaaaaaaa mulutnyaaa astaghhhh mulutnyaaa
Ampuuun ngakak bangettğŸ˜‚ğŸ˜‚ğŸ˜„,Ampuuun mengakak bangetğŸ˜‚ğŸ˜‚ğŸ˜„, ampuuun mengakak bangetÃ°<0x9F><0x98><0x82>Ã°<0x9F><0x99><0x82>Ã°<0x9E><0x84><0x98><0x84>
@imeldagsiregar aku udah jadi anak baek mak,@imeldagsiregar aku udah jadi anak baik mak, @imeldagsiregar aku sudah jadi anak baik mak mak mak emak mak makmak mak mak
Doupai face @nrfitriangrini02 #bantujawab ajah kok,Doupai face @nrfitriangrini02 #bantujawab saja kok, doupai face @nrfitriangrini02 #bantujawab saja kok repot-bantu dijawab saja kok.
Wkwkkw sabal ya lak. Udahlah stop bermimpi kauuuu @cmsihotang,Wkwkkw sabar ya lak. Udahlah stop bermimpi kau @cmsihotang, wkwkkw sabal ya lak. udahlah stop bermimpi kauuuu @cmsihotangenggakotangangang @mangbalangbangotangbangetang wkwk @smangbal lah haha @wangballahangbal ya bang. wkwkkw tahibal lah lak.
"@ayuhadhi_ iihh lucu anaknya, bisa ketawa gitu pas abi nya dzikir >_<","@ayuhadhi_ ih lucu anaknya, bisa ketawa begitu pas abi nya dzikir >_<"," @ayuhadhi_ iihh lucu anaknya, bisa ketawa begitu pas abi nya dzikir >_<_<<<>_<\<<amp>a lucu bapaknya, bisa mengakak begitu pas ali nya dzikir <_<amp<<\>aih lucu anaknyaa #<<ayuhadhhi_ aduhalah anaknya, makaksih lucu banget anaknya, senangiihnyaa allah subhanakakkakkakkaksih ya allah <_ "
Omg cantik ngettt ??? @ayangnadya,Omg cantik banget ??? @ayangnadya, omg cantik banget ??? @ayangnadyanadyaadyaadyadadyaadyabadyab omg omg omg !!! omg omg cantik omg !!!
Itu kak prilly pake wik,Itu kak prilly pakai wig, itu kak prilly pakai wikon dari wikon itu.
@marshanda99 udah lupa,@marshanda99 sudah lupa, @marshanda99 sudah lupa.
Emg dasar y cantik dr lahir.beda sm yg satu y cantik pakai dempul or make up entr tua kyax ap ea,Emg dasar ya cantik dari lahir.beda sama yag satu ya cantik pakai dempul or make up entar tua kyaax apa ya, emg dasar y cantik dari lahir.beda sama yg satu y cantik pakai dempul or make up orang tua kayax apa ea ea eaya itu eaya apa eaya
Ini pasangan ngeselin banget sumpah... Bkin iri ??,Ini pasangan mengesalkan banget sumpah... Bkin iri ??, ini pasangan menyebalkan banget sumpah... bikin iri ?? ??
"@cicimaulanii @kesia_natalia ini yang kata cici alila di bali. Vila nya 20jt an , ajak berapa puluh orang baru berangkat? Wkwkwk","@cicimaulanii @kesia_natalia ini yang kata cici alila di bali. Vila nya 20juta an , ajak berapa puluh orang baru berangkat? Wkwkwk"," @cicimaulanii @kesia_natalia ini yang kata cici alila di bali. vila nya 20juta an , ajak berapa puluh orang baru berangkat? wkwkwk wkwkwk. wkwkwk"
@anggara_ta2626 luar biasahhh,@anggara_ta2626 luar biasa, @anggara_ta2626 luar biasahhh
Marcel yg bertato donk @marcelchandra tetap Ada bedanya.aku dari dulu bisa bedain kok,Marcel yang bertato dong @marcelchandra tetap Ada bedanya.aku dari dulu bisa membedakan kok, marcel yang bertato dong @marcelchandra tetap ada bedanya.aku dari dulu bisa bedain kok kok kokang ada bedanya kokang berbeda kokang marcel kokang bertato kok @matchandraa
Tas kanvas cuma 19rb cek dulu,Tas kanvas cuma 19ribu cek dulu, tas kanvas cuma 19ribu cek dulu cek dulu
Hanya di @louveclothing bisa dapetin sweater dan jacket murah pas kantong pelajar,Hanya di @louveclothing bisa mendapati sweater dan jacket murah pas kantong pelajar, hanya di @louveclothing bisa dapetin sweater dan jacket murah pas kantong pelajar pelajar dan mahasiswa.
Keren njir @_mary_liz_shellyn_  @eugenia_stevie_go,Keren anjir @_mary_liz_shellyn_  @eugenia_stevie_go, keren anjir @_mary_liz_shellyn_ @eugenia_stevie_goz_gozz_goy_njir_gojoz_banget_benar-benar keren keren anjir_goya_stadi_goar_gojek keren keren keren banget_goet_gojeh_lucu_lugaknjir
"Lah gua suka korea jg ga gitu2 amat, biarin ajalah org mau kaya gimana hahhaa aneh ada aja orang kaya lo @meilisa_kyungsoo_ ???????????????????????????","Lah gua suka korea juenggak enggak begitu-gitu amat, biarin sajalah orang mau kaya bagaimana hahhaa aneh ada saja orang kaya lo @meilisa_kyungsoo_ ???????????????????????????"," lah gua suka korea juenggak enggak gitu-gitu amat, biarin ajalah orang mau kaya bagaimana hahhaa aneh ada aja orang kaya lo @meilisa_kyungsoo_ ????????????????????????????????????enggaknlah orang kaya lah @samarisa_kamarsajalah_"
Cinta laura itu islam ap kristen siiihh krpoooo,Cinta laura itu islam apa kristen sih kepo, cinta laura itu islam apa kristen sih? krpoooooooooo krpooooooooo serius serius serius deh serius serius banget sumpahoooooo
"Kehidupannya mereka, hati mereka, rencana mereka atau perasaan mereka mana pernah ada yg tau. Hidup kita aja belum bener udh mau ngurusin hdup org lain. Doain aja yg baik2. Klo mami @juliaperrezz mau belain temennya, ya krn dia kenal siapa ""dia"" dibanding kita..... Segala resiko atau kebaikannya, bakal kak @juliaperrezz dan kluarga yg rasakan. Enjoy aja cuy jalanin hdup....","Kehidupannya mereka, hati mereka, rencana mereka atau perasaan mereka mana pernah ada yang tau. Hidup kita saja belum benar sudah mau mengurusi hidup orang lain. Doain saja yang baik-baik. Klo mami @juliaperrezz mau membela temennya, ya karena dia kenal siapa ""dia"" dibanding kita..... Segala resiko atau kebaikannya, bakal kak @juliaperrezz dan keluarga yang rasakan. Enjoy saja cuy menjalani hidup...."," kehidupannya mereka, hati mereka, rencana mereka atau perasaan mereka mana pernah ada yang tau. hidup kita saja belum benar sudah mau mengurusi hidup orang lain. doain aja yang baik-baik. klo mami @juliaperrezz mau menasihati temannya, ya karena dia kenal siapa ""dia"" dibanding kita..... segala resiko atau kebaikannya, bakal kak @jliaperrizz dan keluarga yang rasakan. enjoy saja cuy menjalani hidup.... enjoy saja jalani hidup........ jalani saja menjalani kehidupan........"
Fatanik bngt mba @namira_maniz.22 jgn terlalu fanatik bisa ketulah loh hahah,Fatanik banget mbak @namira_maniz.22 jangan terlalu fanatik bisa ketulah loh hahah, fatan banget mbak @namira_maniz.22 jangan terlalu fanatik bisa ketulah loh hahah hahah hahahhaha hahah hahahhaa
"gak tau dirinya dimana?? jangan pada komen gak bener klo gak tau yg sebenernya mah, udah kaya anjing aja pada ngegonggong gak tau salahnya apa","enggak tau dirinya dimana?? jangan pada komen enggak benar kalo enggak tau yang sebenarnya mah, sudah kaya anjing saja pada ngegonggong enggak tau salahnya apa"," gak tau dirinya dimana?? jangan pada komen enggak bener kalo gak tau yg sebenarnya mah, udah kaya anjing aja pada ngegonggong enggak tau salahnya apa salahnya apa enggak tau apa-apa yanenggak gak tau yang sebenernya mah,"
"Sabar ya bun, ngak usah diladenin tar yg cape jg dia sendiri. Dia cuma mancing2 kesabaran bunda. Balas aja pake senyuman bun. Bunda diem aja dia tetep salah ko.","Sabar ya bun, enggak usah diladeni entar yang capek juga dia sendiri. Dia cuma memancing-mancing kesabaran bunda. Balas saja pakai senyuman bun. Bunda diam saja dia tetap salah ko."," sabar ya bun, enggak usah diladenin tar yang cape juga dia sendiri. dia cuma mancing-mancing kesabaran bunda. balas aja pake senyuman bun. bunda diem saja dia tetep salah ko. janenggakn salah kok. balas saja pakai sabar ya. bunda diam saja dia tetap sabar ko."
Penerus nya glen xhealsea semoga pcrn lama trus nikah kali sudah sama sama sukses gbu ya @cassandraslee  @randymartinnn,Penerus nya glen xhealsea semoga pacaran lama trus nikah kali sudah sama sama sukses gbu ya @cassandraslee  @randymartinnn, penerus nya glen xhealsea semoga pacaran lama terus nikah kali sudah sama sama sukses gbu ya @cassandraslee @randymartinnnartinngeninnnrenlee penerus penerusa penerusa
Iya intinyapengen ngestalk aja kangenğŸ˜¢,Iya intinyapengen ngestalk saja kangenğŸ˜¢, iya intinyapengen ngestalk saja kangenÃ°<0x9F><0x98>Â¢Â¢ iya iya.
Foto yg ini maksudnya .bkn di grup@temannauraaaaaaa,Foto yg ini maksudnya .bukan di grup@temannauraaaaaaa, foto yang ini maksudnya .bkn di grup@temannauraaaaaaaaaaaaaaaaaaaaaaaaaaaaaaaaaaaaaaaaaaa foto bareng.foto yang ini berisi foto-foto.begini fotonyaa foto bersama.lihat fotonyaa fotonyaa.lihat foto foto di foto foto.
Cantikk and gantengg,Cantikk and ganteng, cantikk and gantengenggaknya
"Ingin muka putih senatural mngkin ? ? Menghilangkn bekas jerawat ? NUTRISI VITAMIN utk kulit ? ?? atau yg gak PEDE karna gemuk ?? ? Product Herbal Alami utk masalah Anda :) ada BPOM, HALAL MUI. Follow@herbalconsultant / Pin.bbm/5CF3A833 Wa 082352735219","Ingin muka putih senatural mungkin ? ? Menghilangkn bekas jerawat ? NUTRISI VITAMIN untuk kulit ? ?? atau yg gak PEDE karna gemuk ?? ? Product Herbal Alami untuk masalah Anda :) ada BPOM, HALAL MUI. Follow@herbalconsultant / Pin.bbm/5CF3A833 Wa 082352735219"," ingin muka putih senatural mungkin ? ? menghilangkn bekas jerawat ? nutrisi vitamin utk kulit ? ?? atau yang enggak pede karna gemuk ?? ? product herbal alami utk masalah anda :) ada bpom, halal mui. follow@herbalconsultant / pin.bbm/5cf3a833 wa 08235273521999wa99999wa/wayang."
Terus yng ini @sylviarivian,Terus yang ini @sylviarivian, terus yang ini @sylviarivianvianvianianvianvian terus terus terus.
Anjay km stalk -.- @trianitadillacarolinna,Anjay kamu stalk -.- @trianitadillacarolinna, anjay kamu stalk -.- @trianitadillacarolinnayna
"? FOLLOWIG@CANTIK_SIMPLE Ga perlu repot2 oles2 pakai cream, putih nya pun ga merata? Ckup minum vitaline dptkan kulit mulus putih merata ? Yuk order vitaline nya always ready stock ? PIN 583AD19E WA+6289666342881 add IdLine Cantik_simple","? FOLLOWIG@CANTIK_SIMPLE Ga perlu repot-repot oles-oles pakai cream, putih nya pun ga merata? Ckup minum vitaline dapatkan kulit mulus putih merata ? Yuk order vitaline nya always ready stock ? PIN 583AD19E WA+6289666342881 add IdLine Cantik_simple"," ? followig@cantik_simple enggak perlu repot-repot oles2 pakai cream, putih nya pun ga merata? ckup minum vitaline dapatkan kulit mulus putih merata ? yuk order vitaline nya always ready stock ? pin 583ad19e wa+6289666342881 add idline cantik_dimple ? pin 563ad18e ?"
Tempo doeloe?,Tempo dulu?, tempo tempooe? tempo doeloe?? tempo tempo tempo dulu?oe?
"Kangen mereka, pengganti triplets sumpah gk lucu bgt, jdi males nonton TROS","Kangen mereka, pengganti triplets sumpah gk lucu bgt, jadi malas nonton TROS"," kangen mereka, pengganti triplets sumpah enggak lucu banget, jadi malas menonton langsung."
Bagi aku bagaimana pun bg Ali tetap aja ganteng dan keceee nyaa apalagi klu shalat hhhmmm gilaa banget ganteng nya sampai gak berkedip mata aku kk??? @aliandooo,Bagi aku bagaimana pun bg Ali tetap aja ganteng dan kece nya apalagi kalau shalat hhhmmm gila banget ganteng nya sampai enggak berkedip mata aku kk??? @aliandooo, bagi aku bagaimana pun bang ali tetap aja ganteng dan keceee nyaa apalagi kalau shalat hhhmmm gila banget ganteng nya sampai enggak berkedip mata aku kakak??? @aliandoooooooooooooooooooo
"? ? ? ? Langkah ? AMAN TANPA EFEKSAMPING, terbukti dan terjamin kasiatnya lirik yuk langsung saja invite BBM ; D327B6D7 whats app : 081222798256 Add line @eau2931e . Yuk order :) ?  O?KIR ? ?R??? BESAR BESARAN ?","? ? ? ? Langkah ? AMAN TANPA EFEKSAMPING, terbukti dan terjamin khasiatnya lirik yuk langsung saja invite BBM ; D327B6D7 whats app : 081222798256 Add line @eau2931e . Yuk order :) ?  O?KIR ? ?R??? BESAR BESARAN ?"," ? ? ? langkah ? aman tanpa efeksamping, terbukti dan terjamin khasiatnya lirik yuk langsung saja invite bbm ; d327b6d7 whats app : 081222798256 add line @eau2931e . yuk order :) ? o?kir ? ?r??? besar besaran ? ?l ? ?"
Klo g mau d komentarin jgn d jd guru pak/bu.. Bijak2 lah dlm menyikapi,Klo enggak mau di komentari jenggakn di jadii enggakuru pak/bu.. Bijak2 lah dilm menyikapi, klo enggak mau di komentarin jangan di jadi guru pak/bu.. bijak-mudi lah dalam menyikapi.
hihi @suryanihennie tanya lgsg aja ke kak nico di cini. hhe..,hihi @suryanihennie tanya langsung saja ke kak nico di sini. hhe.., hihi @suryanihennie tanya langsung saja ke kak nico di cini. hhe..he..
astgfrullah?,astagfirullah?, astgfrullah???
Ciee yg mu nikah bln novembr lancar yaa ka smga smpe hri H,Ciee yang mu nikakh bulan november lancar ya kak semoga sampai hari H, ciee yang mu nikah bulan novembr lancar ya ka semoga sampai hri hhari h lebaran hdi hadi h.amin.
@annasyaalika kek giniii looo,@annasyaalika kayak begini loh, @annasyaalika kayak begini looo looooo
Teh rinaaaaa geuliss makin sukaaaa teteh @rinanose16,Teh rinaaaaa geuliss makin suka teteh @rinanose16, teh rinaaaaa geulis makin suka teteh @rinanose1616 teh
Yg bertatto si marchel :D,Yg bertatto si marchel :D, yg bertatto si marchel :d :d)d)yaitu :dyaitu
Ka memangnya kk ngak benci sama ADRIANA,Ka memangnya kakak enggak benci sama ADRIANA, ka memangnya kakak enggak benci sama adrianaanaanaa adrianaa?
mab @rinanose16  makin cantik mbk..,mab @rinanose16  makin cantik mbak.., mab @rinanose16 makin cantik mbak....terima kasih....
Knp mst add aliando see,Knp mesti ada aliando sih, knp minta add aliando see see abangdo see kakak see kakakdo see tantedo seedo seeya see kakak.
@astuti120 kl teh @raisa6690 mah tulisannya diatas kolam renang lo mah disepanjang kali cisadane tii.. lebih greget gimana geetoo,@astuti120 kalo teh @raisa6690 mah tulisannya diatas kolam renang lo mah disepanjang kali cisadane tii.. lebih greget bagaimana begitu, @astuti120 kalo teh @raisa6690 mah tulisannya diatas kolam renang lo mah disepanjang kali cisadane tii.. lebih greget gimana geetooooo.. hahahaa
Kok puji tuhan ktnya..,Kok puji tuhan katanya.., kok puji tuhan kitanya......
Utkmu lah @dedi_vale46 :*,Utkmu lah @dedi_vale46 :*, utkmu lah @dedi_vale46 :* :* :*
Woww ariana grande ^^,Woww ariana grande ^^, woww ariana grande ^^^
Gubernur jawa barat bukannya dr partai korupsi sapi?,Gubernur jawa barat bukannya dari partai korupsi sapi?, gubernur jawa barat bukannya dari partai korupsi sapi??
Cek Ig ak yukk? jual app termurah dan fast respon lohhh 20 pembeli pertama dapat diskon besar2an,Cek Ig aku yuk? jual app termurah dan fast respon loh 20 pembeli pertama dapat diskon besar-besaran, cek ig ak yuk? jual app termurah dan fast respon lohhh 20 pembeli pertama dapat diskon besar-besaranan
Hehee. Kan aku udah ke Solo sama Surabaya kemariin ? Next film yaaaa sama @filmsalawaku coming soon.. | @ariestaneneng @niasuseno,Hehee. Kan aku sudah ke Solo sama Surabaya kemarin ? Next film ya sama @filmsalawaku coming soon.. | @ariestaneneng @niasuseno, hehee. kan aku udah ke solo sama surabaya kemari ? next film ya sama @filmsalawaku coming soon.. | @ariestaneneng @niasuseno
Selamat iyah kak atas kelahiran putri pertama nya Thalia Putri Onsu Tuhan Jesus Memberkati,Selamat iya kak atas kelahiran putri pertama nya Thalia Putri Onsu Tuhan Jesus Memberkati, selamat ya kak atas kelahiran putri pertama nya thalia putri onsu tuhan jesus memberkati memberkati memberkati.
maaf ya randy.. postingan kamu d liat banyak org trmasuk anak2 juga. So tolong lah jangan trll ngumbar2 kalian brdua masih sangat muda ye kan? @ai_cytaekook,maaf ya randy.. postingan kamu d liat banyak orang termasuk anak-anak juga. So tolong lah jangan terlalu mengumbar-umbar kalian berdua masih sangat muda ye kan? @ai_cytaekook, maaf ya randy.. postingan kamu di liat banyak orang termasuk anak-anak juga. so tolong lah jangan terlalu mengumbar-umbar kalian kalau masih sangat muda ye kan? @ai_cytaekookookookenggaknekookekookkakkookkakakkakkakkakaakkakaa maaf yaangnakkakaaaakkakabantuakkakawakakaaakkakawakawahawahawakakawkakkakawhakawkaakkaka
"Ambil line foto nya keren2 bang. Gak nyangka, kirain cuma pajangan tuh kamera di film aadc, curiga punya sendiri. Foto di NY nya kayanya juga abang @nicholassaputra yg ambil kah?","Ambil line foto nya keren-keren bang. Gak menyangka, kirain cuma pajangan tuh kamera di film aadc, curiga punya sendiri. Foto di NY nya kayanya juga abang @nicholassaputra yg ambil kah?"," ambil line foto nya keren-keren bang. gak menyangka, kirain cuma pajangan tuh kamera di film aadc, curiga punya sendiri. foto di ny nya kayanya juga abang @nicholassaputra yang ambil kah?"
INVITE 5E8CA768 ' GAK PEDE SAMA UKURAN PAYUDARA KAMU? NIH@DR.BEAUTYBREAST  PUNYA SOLUSI BUAT KAMU YANG PENGEN DAPETIN PAYUDARA INDAH DAN IDEAL SEPERTI JULIA PEREZ DAN ARTIS LAINNYA BBM : 5E8CA768 .,INVITE 5E8CA768 ' GAK PEDE SAMA UKURAN PAYUDARA KAMU? NIH@DR.BEAUTYBREAST  PUNYA SOLUSI BUAT KAMU YANG PENGEN DAPETIN PAYUDARA INDAH DAN IDEAL SEPERTI JULIA PEREZ DAN ARTIS LAINNYA BBM : 5E8CA768 ., invite 5e8ca768 ' gak pede sama ukuran payudara kamu? nih@dr.beautybreast punya solusi buat kamu yang pengen dapetin payudara indah dan ideal seperti julia perez dan artis lainnya bbm : 5e9ca769 . pin invite invite pin invite pin pin invite bbm 5e7768 . invite invite invite bbm . 5e5ca767 . pin bbm invite invite bb invite pin bb invite bbm invite pin
"Aaaaaaaa ?????? aktor dan artis yg pertama kali ane fans nii waktu jaman ny msih sekolah SMP ,kka @csugiono @titi_kamall lofyu lofyuuu dah jgn berantem yak ttep sperti ini yg jrang msuk di berita gossip2.an ???","Aaaaaaaa ?????? aktor dan artis yg pertama kali ane fans nii waktu jaman ny msih sekolah SMP ,kakak @csugiono @titi_kamall lofyu lofyuuu dah jangan berantem ya tetap seperti ini yg jarang masuk di berita gosip-gosipan ???"," aaaaaaaa ?????? aktor dan artis yang pertama kali ane fans nii waktu jaman nya masih sekolah smp ,kka @csugiono @titi_kamall lofyuuu dah jgn berantem ya ttep seperti ini yang jrang tayang di berita gosip-an ???anenggak.an ??????anjing-anjing ???anjing ?anjingnya ??????"
Nambah tua nambah sotoy zi @zizizazuze,Nambah tua bertambah sok tau zi @zizizazuze, nambah tua nambah sotoy zi @zizizazuzezuzezezizezezezzezezozezeqizeze nambah nambah deh zi
alissnyaa bagus masaaaa?,alisnya bagus masa?, alissnya bagus masa???
Memakai hijab juga tdk mengurangi aktifitas yg ada kok.......,Memakai hijab juga tidak mengurangi aktifitas yang ada kok......., memakai hijab juga tidak mengurangi aktifitas yang ada kok.............
Pengen Menarik Namun Payudara Kecil? Tenang Ko Sekarang Udah Ada Solusinya Invite Aja Langsung Cek Ig@ahli.payudara.id,Pengen Menarik Namun Payudara Kecil? Tenang Ko Sekarang Udah Ada Solusinya Invite Aja Langsung Cek Ig@ahli.payudara.id, pengen menarik namun payudara kecil? tenang ko sekarang udah ada solusinya invite aja langsung cek ig@ahli.payudara.id
MAUU????? @vannisafajr,MAUU????? @vannisafajr, mauu????? @vannisafajrjr mau mau?????
"Bunda maya ki emng gak cocok ambek dani, terlalu cantik soale","Bunda maya ki memang gak cocok ambek dani, terlalu cantik soale"," bunda maya ki memang enggak cocok ambek dani, terlalu cantik soale dani."
yaaAllahhhhhhh gemesnya tirrr???? @mutiarasantika17,yaaAllahhhhhhh gemasnya tirrr???? @mutiarasantika17, yaaallahhhhhhh gemasnya tirrr???? @mutiarasantika1717173 yaa allahhhhhhh menggemaskannya gemas????
Ce kalau di twitter scrool jgn dalam dalam yaaa hahaha kasian kamu @yoeriche ??,Ce kalau di twitter scrool jangan dalam dalam yaaa hahaha kasian kamu @yoeriche ??, ce kalau di twitter scrool jangan dalam dalam ya hahaha kasihan kamu @yoeriche ?? ??
@inesnugroho gak nes. Miripan tadi. Wkwkwk,@inesnugroho enggak nes. Miripan tadi. Wkwkwk, @inesnugroho enggak nes. miripan tadi. wkwkwk. wkwkwk
Wahai pujangga cintaaaaaaa? @sakinaahsly @nicholassaputra,Wahai pujangga cinta? @sakinaahsly @nicholassaputra, wahai pujangga cinta? @sakinaahsly @nicholassaputrassaputraaaaaputra pujangga cintaaaaaaa?
Kangenn bangett @prillylatuconsina96  @aliandooo,Kangenn banget @prillylatuconsina96  @aliandooo, kangenn banget @prillylatuconsina96 @aliandoooooooooooooo kangen kangen kangen @banget kangendooo
"Kak mischa lbh tinggi,,,trs jidad nya lbh lebar hhehehe","Kak mischa lebih tinggi,,,terus jidat nya lebih lebar hhehehe"," kak mischa lebih tinggi,,,trs jidad nya lebih lebar hheheheeheheehehe hheheheeheeheheehehe"
"@nike_ansiy_yoonseong ,mungkin bunda maia mabuk,karena dia udah tau ahmad dhani selingkuh sm mulan,coba klo km lg di pihak maia,blim tentu km sekuat beliau...","@nike_ansiy_yoonseong ,mungkin bunda maia mabuk,karena dia udah tau ahmad dhani selingkuh sm mulan,coba kalo kamu lagi di pihak maia,belum tentu kamu sekuat beliau..."," @nike_ansiy_yoonseong ,mungkin bunda maia mabuk,karena dia sudah tau ahmad dhani selingkuh sama mulan,coba kalo kamu lagi di pihak maia,blim tentu kamu sekuat beliau...terima kasih sayangku...amin...amin"
@erdin_sudin_ tpi itu dulu,@erdin_sudin_ tapi itu dulu, @erdin_sudin_ tapi itu dulu dulu
". Rela ninggalin ka natasya demi orng ini,  aduh kastefen kurang apa natasyaa (?)",". Rela meninggalkan ka natasya demi orang ini,  aduh kastefen kurang apa natasyaa (?)"," . rela meninggalkan ka natasya demi orang ini, aduh kastefen kurang apa natasyaa (?)))"
"Thx ya kak udah rekomendasiin produk pelangsing di@BEAUTYANDHEALTHYY berat badan aku turun 7kg dalam 2 minggu nih kak , aku jadi ga minder lagi thx ya kak","Thx ya kak sudah merekomendasikan produk pelangsing di@BEAUTYANDHEALTHYY berat badan aku turun 7kg dalam 2 minggu nih kak , aku jadi enggak minder lagi thx ya kak"," thx ya kak sudah merekomendasikan produk pelangsing di@beautyandhealthyy berat badan aku turun 7kg dalam 2 minggu nih kak , aku jadi enggak minder lagi thx ya kakak terima kasih ya kak"
ngriii amatt,mengiri amat, ngriii amatt amatt
So sweet .. ?bs ber'expresi bgtu ka?@richy_frandianto,So sweet .. ?bisa berekspresi begitu ka?@richy_frandianto, so sweet .. ?bs ber'expresi begitu ka?@richy_frandiantoantoantoy
Yorieche biasanya d gereja apa? Sdh ada yg tnya ini blm td @yoeriche,Yorieche biasanya d gereja apa? Sdh ada yang tanya ini belum tadi @yoeriche, yorieche biasanya di gereja apa? sdh ada yang tnya ini belum td @yoerichey yenggak @yerikiche yenggaka y yyaitu yya? yya yyay yyayay
Yah yo. Jd pengen punya bayi HAHAHAH @vionuraini,Yah yo. Jd pengin punya bayi HAHAHAH @vionuraini, yah yo. jd pengin punya bayi hahahah @vionurainiiniiniyainiyaitua ya.
Senyumnya bikin aku meleleh daah?? @tulusm,Senyumnya bikin aku meleleh dah?? @tulusm, senyumnya bikin aku meleleh ih @tulusmulusmasih?? @tuulusmakinmasih senyumnya??
Kasiannn bgt mulan n dhani.. Tiap hari di hujat bnyak orang. Mgkin bagian dr KARMA kali y,Kasiannn banget mulan n dhani.. Tiap hari di hujat banyak orang. Mgkin bagian dari KARMA kali y, kasiannn banget mulan n dhani.. tiap hari di hujat banyak orang. mgkin bagian dari karma kali ya yeman kali yeman hujat orang banyak. kasihan yeman.. kasian yeman. kasian jemanjatnya yeman
@chatrinepricillia iya kaya gituh gua yang tenggah ya,@chatrinepricillia iya kaya begitu gua yang tengah ya, @chatrinepricillia iya kaya begitu gua yang tenggah yaang yaang hidung yaang mancung yaang
Pengen nyatakan perasaan ke gebetan lewat gambar??Cek IG @dalamkata Save gambar Graaatiiiis.,Pengen menyatakan perasaan ke gebetan lewat gambar??Cek IG @dalamkata Save gambar Graaatiiiis., pengen nyatakan perasaan ke gebetan lewat gambar??cek ig @dalamkata save gambar graaatiiiis..
iyaa cocok a ama kak luna jadi kangen,iya cocok a sama kak luna jadi kangen, iyaa cocok a sama kak luna jadi kangen deh.
Hahaha luthuna... Kamu bisa ya gt ga komen apapun ttg mereka ? love ya,Hahaha lucunya... Kamu bisa ya begitu enggak komen apapun tentang mereka ? love ya, hahaha luthuna... kamu bisa ya gt enggak komen apapun tentang mereka ? love yaang yaang komen yaang penting.
Bbm kmu bsa masuk tp klw dibls ceklist terusss saa @nurulsusanti2521,Bbm kamu bisa masuk tapi kalau dibalas ceklis terus saa @nurulsusanti2521, bbm kamu bisa masuk tapi kalau dibls ceklist terusss saa @nurulsusanti25212121242121 bbm bbm bbm
"Wihh asalnya saya gk percaya sama produk@fashionsehat_herbal yg katanya bisa membesarkan dan mengencangkan payudara, pas saya coba  20 hari aku merasa ada perubahan dengan payudaraku , ngerii bangettt dehh :) makasih ya :)","Wihh asalnya saya enggak percaya sama produk@fashionsehat_herbal yang katanya bisa membesarkan dan mengencanenggakan payudara, pas saya coba  20 hari aku merasa ada perubahan dengan payudaraku , ngeri banget deh :) terima kasih ya :)"," wihh asalnya saya engenggak percaya sama produk@fashionsehat_herbal yang katanya bisa membesarkan dan mengencangkan payudara, pas saya coba 20 hari aku merasa ada perubahan dengan payudaraku , ngeri banget deh :) terima kasih ya :) makasih ya :) makaksih ya :) janenggakn ya :) semanenggakra"
Heehe... betul jg...,Heehe... betul juga..., heehe... betul juga...
parah parahh @carissaif,parah parah @carissaif, parah parah @carissaifeifaifaiffaif parah parah parah
Mari kita bekerja kerass @vicensiamelva ğŸ˜†ğŸ˜†,Mari kita bekerja keras @vicensiamelva ğŸ˜†ğŸ˜†, mari kita bekerja keras @vicensiamelva Ã°<0x9F><0x98><0x86>Ã°<0x9F><0x99><0x86>
Makin loveee daah. Sukses buat suaminga kak @missnyctagina yang udah menuntun istri buat berhijap. Smgaa istiqamah.,Makin loveee dah. Sukses buat suaminya kak @missnyctagina yang sudah menuntun istri buat berhijab. Smgaa istikamah., makin loveee da. sukses buat suaminga kak @missnyctagina yang udah menuntun istri buat berhijap. smgaa istiqamah. semakina istiqomah. salam istiqomah. makaksih. salam sukses buat muslimah. makin istiqomah. makin istiqamahnya berhijab. makin makin makin berjamah. makin berjakin. makin sakinahahnya teteh. salam makin makin sayang. makin sukses buat teteh. makin sayang teteh makin makin cantik. makin makakin teteh. sukses
"KAKA KULIT AKU SAMA KAYA KAKA , SAMA SAMA PUTIH, AKU JUGA PAKE PRODUK@Herbaldistro.id GAK NYESEL DEH KA :)","KAKA KULIT AKU SAMA KAYA KAKA , SAMA SAMA PUTIH, AKU JUGA PAKE PRODUK@Herbaldistro.id GAK NYESEL DEH KA :)"," kaka kulit aku sama kaya kakak , sama sama putih, aku juga pake produk@herbaldistro.id enggak menyesal deh ka :) ka :)"
"ADA PROMO CASH BACK NIH DI@WOMANBEAUTY.CARE  UNTUK ALAT PEMBESAR PAYUDARA NYA, SAYANG KALO DI LEWATKAN, SAYA JUGA SUDAH MERASAKAN AJAIBNYA BARANG TERSEBUT, DENGAN PEMAKAIAN RUTIN SELAMA 3 MINGGU HASILNYA PAYUDARA KU SANGAT INDAH, DAN SUAMIKU SENENG BANGET, MAU DAPET INFO LEBIH?? NIH PIN NYA D30054B4 whatsapp 082240956605","ADA PROMO CASH BACK NIH DI@WOMANBEAUTY.CARE  UNTUK ALAT PEMBESAR PAYUDARA NYA, SAYANG KALO DI LEWATKAN, SAYA JUGA SUDAH MERASAKAN AJAIBNYA BARANG TERSEBUT, DENGAN PEMAKAIAN RUTIN SELAMA 3 MINGGU HASILNYA PAYUDARA KU SANGAT INDAH, DAN SUAMIKU SENENG BANGET, MAU DAPET INFO LEBIH?? NIH PIN NYA D30054B4 whatsapp 082240956605"," ada promo cash back nih di@womanbeauty.care untuk alat pembesar payudara nya, sayang kalo di lewatkan, saya juga sudah merasakan ajaibnya barang tersebut, denenggakn pemakaian rutin selama 3 minggu hasilnya payudara ku sangat indah, dan suamiku senang banget, mau dapet info lebih?? nih pin nya d30054b4 whatsapp 0822409566056055 whatsapp 0822607605655"
@de_caths  saya setuju dng pndapat km,@de_caths  saya setuju dengan pndapat kamu, @de_caths saya setuju dengan pendapat kamu.
Lagian cuma foto jadi pada tebir hahah,Lagian cuma foto jadi pada ribet hahah, lagian cuma foto jadi pada tebir hahah hahah hahahhaa hahahhaa
@salvatorejason fix i mw dia,@salvatorejason fix i mau dia, @salvatorejason fix i mau dia dia dia
Kakak pembina lg sakit.... Sesuatu yachhh... ???,Kakak pembina lg sakit.... Sesuatu ya... ???, kakak pembina lagi sakit.... sesuatu ya... ???
"Yang komen dan mengait2kan itu macam betul aja ...dasar taik,mulutu nyir2 tau nya gosipin org aja dan sok tau kalian.klo sempat gk trbukti apa yg selama nie jadi omongan kalian,mudah2an di laknat kalian semua tuh.dasar mulut kanina ...","Yang komen dan mengait-ngaitkan itu macam betul aja ...dasar tahi,mulutu nyinyir tau nya menggosipkan orang aja dan sok tau kalian.klo sempat enggak terbukti apa yang selama ini jadi omongan kalian,mudah-mudahan di laknat kalian semua tuh.dasar mulut kanina ..."," yang komen dan mengait-ngitkan itu macam betul saja ...dasar taik,mulutu mencir-ngir tau nya gosipin orang saja dan sok tau kalian.kalo sempat enggak percaya apa yang selama nie jadi omongan kalian,mudah-mudahan di laknat kalian semua tuh.dasar mulut kanina ...lihatnya ...lihat mulutnya ...lihat giginya ...lihat gigi kanina ...sampai-sampai ...menyelesihnya.lihat mulutnya saja ...lihat"
@linayulien kapan Indonesia maju kalau bikin caption English aja di bilang sok. Sok Inggris. Begini dibilang sok Inggris.,@linayulien kapan Indonesia maju kalau bikin caption English saja di bilang sok. Sok Inggris. Begini dibilang sok Inggris., @linayulien kapan indonesia maju kalau bikin caption english saja di bilang sok. sok inggris. begini dibilang sok inggris
Amiin @sandradewi88,Amiin @sandradewi88, amiin @sandradewi888888
"@angga_fabiyan yep. Gua israel.. dri pada u.. ngaku"" arab.. mirip arab aja kagak.. hahaha...","@angga_fabiyan ya. Glua israel.. dari pada lu.. ngaklu"" arab.. mirip arab saja kagak.. hahaha...", @angga_fabiyan yep. gua israel.. dari pada u.. ngaku-ngaku arab.. mirip arab saja kagak.. hahaha... hahaha...
Aku iri ğŸ˜¥ blm bs berhijab @rinanose16,Aku iri ğŸ˜¥ belum bisa berhijab @rinanose16, aku iri Ã°<0x9F><0x98>Â¥ belum bisa berhijab @rinanose16161617161717171817171917171616191917191919181919 aku iri akua16161819181819 akua akua iri #rinanosose161918 akua18191718 aku iri
Cantik bgt klo pake hijab ??,Cantik banget kalo pakai hijab ??, cantik banget kalo pakai hijab ?? ??
Ariell balikan lg aja sama lunaaa...?,Ariell balikan lagi saja sama lunaaa...?, ariell balikan lagi saja sama lunaaa...???enggakn...?
@ellensinaga cantik bgtttt..pangling,@ellensinaga cantik banget..pangling, @ellensinaga cantik banget..pangling
Cantik bunda... Rahasia nya apa biar tetep cantik awet mudaa,Cantik bunda... Rahasia nya apa biar tetap cantik awet muda, cantik bunda... rahasia nya apa biar tetep cantik awet mudaa nyaa... cantik awet tuaa bundaa cantika cantik nyaa
"kek gini juga boleh, nyanyanyaaa ğŸ˜˜ @judjudi","kayak begini juga boleh, nyanyanyaaa ğŸ˜˜ @judjudi"," kek gini juga boleh, nyanyanya Ã°<0x9F><0x98><0x98> @judjudijudi"
"Jujur...dulu sebelum nikah christian keliatannya keren dan berkarisma....tapi begitu udah nikah kok keliatannya ilang karismanya/auranya....tetep ganteng siih, tapi udah gak segreget duluuu...","Jujur...dulu sebelum nikah christian kelihatannya keren dan berkarisma....tapi begitu sudah nikah kok kelihatannya hilang karismanya/auranya....tetap ganteng sih, tapi sudah enggak segreget dulu..."," jujur...dulu sebelum nikah christian keliatannya keren dan berkarisma....tapi begitu sudah nikah kok keliatannya hilang karismanya/auranya....tetep ganteng siih, tapi sudah enggak segreget dulu......tapi jujur dulu...selamat nikah...tetapi perubahannya hilang kecantikannya....tetap ganteng banget gayanya....terima kasih...sejaknya."
Lu sumpel aja dy dada lu pake tisu ntar juga sama kaya ituu @dyahfadhillah,Lu sumpel aja dy dada lu pake tisu ntar juga sama kaya itu @dyahfadhillah, lu sumpel saja dia dada lu pakai tisu entar juga sama kaya itu @dyahfadhillahillahillah @syahfadillahillahim lu lu lu pakai tis lu @diyahfudhillahillahd lu lu punya tisluitua
@efendinurulhuda  wkwkkw dlu Aku rjun stkl ini a,@efendinurulhuda  wkwkkw dulu Aku rjun stkl ini a, @efendinurulhuda wkwkkw dulu aku rjun stkl ini aenggak apa-apa
gresik jan lupa di kunjungin juga yah.. @yoeriche,gresik jangan lupa di kunjungi juga yah.. @yoeriche, gresik jan lupa di kunjungin juga ya.. @yoericheericsheer..
@dhexanggit emm gak mirip sama pacarmu,@dhexanggit emm enggak mirip sama pacarmu, @dhexanggit emm enggak mirip sama pacarmu
"Inget banget ini lagu pas awal awal mereka deket,ini lagu kebangsaan banget pas waktu itu haha bang bang @aliandooo","Inget banget ini lagu pas awal awal mereka dekat,ini lagu kebangsaan banget pas waktu itu haha bang bang @aliandooo"," inget banget ini lagu pas awal awal mereka dekat,ini lagu kebangsaan banget pas waktu itu haha bang bang @aliandoooooooongenggakndooooooooooenggakkaloenggakneenggakkeendoooongnenggakakkeenenggakukkeingetkeen ingetkeen ingatkeinget inget ingetkeingetn ingetke inget inget ingetn inget inget banget waktu dulu bang bangbanget inget banget lagu inget banget itu lagu pas waktu"
Mirip @elelrumi dan mirip alm.nike ardila,Mirip @elelrumi dan mirip almarhum.nike ardila, mirip @elelrumi dan mirip alm.nike ardilailailalah ardilala ardilalah mirip almarhum ardilalilalah.
@monicasterina nihhh,@monicasterina nih, @monicasterina nihhh
Inia lho cantik indonesia?,Inia lho cantik indonesia?, inia lho cantik indonesia?? indonesia?
Kok bisa yah ...??,Kok bisa ya ...??, kok bisa ya ...???? kok ...??
ohgos!novelnya aja bagus,ohgos!novelnya saja bagus, ohgos!novelnya saja bagus bagus bagus
Q awal liat cessi di tv dulu waktu sinetron eneng cakep bingiit..,Q awal lihat cessi di tv dulu waktu sinetron eneng cakep banget.., q awal lihat cessi di tv dulu waktu sinetron eneng cakep banget....
"BENER DEH SAY, SETELAH AKU ORDER ALATNYA@bigbreastnatural AKU MERASA PUAS BANGET. PAYUDARA JADI BESAR DAN KENCANG. PAHA DAN BETIS JUGA GAK KAYA TUKANG BECAK LAGI. SENENGGG NIH AKU KASIH KONTAKNYA Chat ke WA : 0857-9305-1973 / BBM : 5B8BE79E / LINE : @ZHB0594N (PAKAI @)","BENER DEH SAY, SETELAH AKU ORDER ALATNYA@bigbreastnatural AKU MERASA PUAS BANGET. PAYUDARA JADI BESAR DAN KENCANG. PAHA DAN BETIS JUGA GAK KAYA TUKANG BECAK LAGI. SENENGGG NIH AKU KASIH KONTAKNYA Chat ke WA : 0857-9305-1973 / BBM : 5B8BE79E / LINE : @ZHB0594N (PAKAI @)"," bener deh say, setelah aku order alatnya@bigbreastnatural aku merasa puas banget. payudara jadi besar dan kencang. paha dan betis juenggak enggak kaya tukang becak lagi. senenggg nih aku kasih kontaknya chat ke wa : 0857-9305-1973 / bbm : 5b8be79e / line : @zhb0594n (pakai @))"
"Luna,mohon jangan dihapus fto ni biar jadi kenangan bagi kita semua","Luna,mohon jangan dihapus foto ini biar jadi kenangan bagi kita semua"," luna,mohon jangan dihapus foto ini biar jadi kenangan bagi kita semua,amin.terima kasih."
"Kumisan,jadi om kumis donk:)","Kumisan,jadi om kumis dong:)"," kumisan,jadi om kumis dong:):):)"
Ini kita ni @rdinikartika,Iini kita ini @rdiinikartika, ini kita ini @rdinikartikaikaika ini kita nih @rakdinikaartikaini
Mata nya itu kya alleia,Mata nya itu kaya alleia, mata nya itu kaya alleiaiaia itu kaya bellaiaiaitu mata mata matayaitu matamata matamatamata mata matamata nya itu matamata
"Kalo aku sih lebih perhatiam sm karyanya aj, dri pd kehidupan pribadinya bagaimanapun jg mas dhani ttp orang yg hebat,smpe detik ini aku ttp ngefens sm mas dhani, hidup ahmad dhani..","Kalo aku sih lebih perhatian sama karyanya saja, dari pada kehidupan pribadinya bagaimanapun juga mas dhani tetap orang yang hebat,samape detik ini aku tetap ngefens sama mas dhani, hidup ahmad dhani.."," kalo aku sih lebih perhatiam sama karyanya saja, dari pada kehidupan pribadinya bagaimanapun juga mas dhani tetap orang yang hebat,sampai detik ini aku tetap ngefens sama mas dhani, hidup ahmad dhani.."
"@yukiharuka86 kmu idolanya yaa??ğŸ˜‚ğŸ˜‚sampe tau dia kek apa??? Wkwkwkw makanyaa klo ngom ati"" kemakan sendiri kan....ğŸ˜œğŸ˜œBodhoo siihhh!!!!!!",@yukiharuka86 kamu idolanya ya??ğŸ˜‚ğŸ˜‚sampai tau dia kayak apa??? Wkwkwkw makanya kalo mengomong hati-hati termakan sendiri kan....ğŸ˜œğŸ˜œBodhoo sih!!!!!!, @yukiharuka86 kamu idolanya ya??Ã°<0x9F><0x98><0x82>sampe tau dia kayak apa??? wkwkwkw makanya kalo mengomong ati-ati sendiri kan....Ã°<0x9F><0x99><0x9C>Ã°<0x9F><0x93><0x9C>bodhoo siihhh!!!!!!!!!!
ibu ashanti khadiran ibu dlm kel. kecil pak anang dg 2 anak (m aurel & m azriel) srta d tmbah dede kcil putri cntik arsy mmberi kan kberkahn kbahagiaan smoga tetap tntram damai tenang brsama kel.kecil hngga akhir hayat kalian ya. kl ad yg brpndapat mnilai fisik jelek cantik trutama m aurel jgn d hiraukn. diamkn sj. hrsny mreka brsyukur hingga detik in Allah mmberikn sepasang mata utk melihat karya nan megah Sang Maha Pencipta untuk d kagumi d nikmati d rasakn d syukuri. bukan utk d cari2 kesalahanny kekuranganny. seandainy orang yg sdh menghina it trutama fisik m aurel atau ibu krisdayanti tiba2 Allah memberikan kebutaan matany krn telah menghina fisik hasil ciptaanNya lalu bagaimana perasaanny dan perasaan kel.besarnya?,ibu ashanti kehadaiiran ibu dialam keluarga. kecil pak anang diengan 2 anak (m aurel & m azriel) serta di tambah diedie kecil putri cantik arsy memberi kan keberkahan kebahagiaan semoga tetap tentram diamai tenang bersama keluarga.kecil hinigga akhir hayat kalian ya. kalo adai yang brpndiapat menilai fisik jelek cantik terutama m aurel jangan di hiraukan. diiamkn saja. harusny mereka bersyukur hinigga dietik ini Allah memberikn sepasang mata untuk melihat karya nan megah Sang Maha Pencipta untuk di kagumi di nikmati di rasakan di syukuri. bukan untuk di cari-cari kesalahannya kekurangannya. seandiainiy orang yang sdih menghinia itu terutama fisik m aurel atau ibu krisdiayanti tiba-tiba Allah memberikan kebutaan matanya karena telah menghinia fisik hasil ciptaanNya lalu bagaimana perasaannya dian perasaan keluarga.besarnya?, ibu ashanti khadiran ibu dalam kel. kecil pak anang dg 2 anak (m aurel & m azriel) srta di tmbah dede kcil putri cantik arsy mmberi kan kberkahn kbahagiaan semoga tetap tentram damai tenang bersama kel.kecil hngga akhir hayat kalian ya. kl ada yang salahdapat mnilai fisik jelek cantik trutama m aurel jangan di hiraukn. diamkn saja. hrsny mereka bersyukur hingga detik in allah mm
Wanjerrr ganiru lo aku @auliaaaul,Wanjerrr ganiru lo aku @auliaaaul, wanjerrr ganiru lo aku @auliaaaululaaulaaauluaaauluaaaaulihaaaulihaaaaarbangbangbangetbanget wan wan wanaku @aaulenggaknbangrr wanakubangbangrr cantik wan wanakabangbang!bangbang wan wanbangbangaaulrr wan wanamu @bangbanggakbangbangbirrr wanbangrr tahibangrr yukulrr tahi tahibangbang kau aku 
"Yo yo yo.... Kuyy lah kita ikutan BGA nya@heyitsmaliqaaa????, dijamin 100% real!!??? Waktu pengumumannya bentarr lagi loh! (1oktober2k16) kuyy kita ikutan!???? klw kamu ga ikut kamu bakal rugi bgtt????? YUK IKUTAN!? #maafspam:))","Yo yo yo.... Kuyy lah kita ikutan BGA nya@heyitsmaliqaaa????, dijamin 100% real!!??? Waktu pengumumannya bentar lagi loh! (1oktober2k16) yuk kita ikutan!???? kalau kamu ga ikut kamu bakal rugi bgtt????? YUK IKUTAN!? #maafspam:))"," yo yo yo.... kuyy lah kita ikutan bga nya@heyitsmaliqaaa????, dijamin 100% real!!??? waktu pengumumannya bentar lagi loh! (1oktober2k16) kuyy kita ikutan!???? klw kamu ga ikut kamu bakal rugi banget????? yuk ikutan!? #maafspam:)))"
"Sama nenek""",Sama nenek-nenek," sama nenek-nenek""."
AnjirrrrğŸ˜‚ğŸ˜‚ @ehpbethztttao_o,AnjirrrrğŸ˜‚ğŸ˜‚ @ehpbethztttao_o, anjirrrrÃ°<0x9F><0x99><0x82>Ã°<0x9F><0x98><0x82> @ehpbethztttao_oo anjir anjir anjir
dari dlu belum kesampean poto kayak beginiiii....@wigihprasetyo,dari dulu belum kesampaian poto kayak begini....@wigihprasetyo, dari dulu belum kesampaian poto kayak begini....@wigihprasetyoyoyojoetyojogiyojoe dari jauh.
so? @wahyudi2012  nanti aku tag semua foto nha,so? @wahyudi2012  nanti aku tag semua foto nya, so? @wahyudi2012 nanti aku tag semua foto nhayaitu foto soyaitu soya soyayaya.
azka lucuuuuu,azka lucu, azka lucuuuuuuuuuuuuu az azam lucuuuuu azam az azka azamuuuu azaka lucuuuuuuuu azamka lucuuuu az az azak lucuuuuuuu az azlu lucuuuuulah azkauuuu azka menggemaskan az azama az azaya lucuuuuulu lucu az azik az azar az azk azka kocak azka kerenuuuu azak az azky az azeka lucuuuuu! azka imut azkaaaa az azaknya lucuuuuu lucuuuuu
"@septi_ayu86 hrs nya lo nyadar.fea itu ank yg gk tau apa2,ngapain lo ngomong /ngeluarin kta yg sangat gk pantas utk ank sekecil itu.dmn hati nurani lo...","@septi_ayu86 harus nya lo menyadari.fea itu anak yang enggak tau apa-apa,mengapa lo mengomong /mengeluarkan kata yang sangat enggak pantas untuk anak sekecil itu.dimana hati nurani lo..."," @septi_ayu86 harus nya lo nyadar.fea itu anak yang enggak tau apa-apa,mengapain lo mengomong /menyongkan kta yang sangat enggak pantas untuk anak sekecil itu.dmn hati nurani lo...terima kasih..."
Adenya mah ganteng bang mueheheheeeeeeee,Adenya mah ganteng bang mueheheheeeeeeee, adenya mah ganteng bang mueheheeeeeeeeeeeeeeeeeeeeeeeeeeeeeeeeeeheheheeeeeeeeeeeeeeeeeeeeheeeeeeeeeeeheheeeeeeheeeeeeeeeeeheeeeeeehehei ad adia adialah ganteng bang adia ganteng banget adiabangnya mah ganteng banget bang ganteng bang ganteng banget iheheheheehehehheheheheheeeeeeeeeeneheheehehheeheheaaaaeeeeeeeeeieheheneh
Bayi tau mana orang yg sholeh. Kalimat thoyyibah seperti sholawat membuat malaikat kecil bhgia n tersenyum senang,Bayi tau mana orang yang sholeh. Kalimat thoyyibah seperti sholawat membuat malaikat kecil bahagia n tersenyum senang, bayi tau mana orang yang sholeh. kalimat thoyyibah seperti sholawat membuat malaikat kecil menangis senang n tersenyum senang senang senang.
Kok kita denger dia bilang melbourne kaya cirebon ya ??. @riskirosdiana,Kok kita dengar dia bilang melbourne kaya cirebon ya ??. @riskirosdiana, kok kita dengar dia bilang melbourne kaya cirebon ya ??. @riskirosdiana
@cndytf mana badan greng muke mahaganteng lagi. Mahaindah ciptaan tuhan,@cndytf mana badan greng muka mahaganteng lagi. Mahaindah ciptaan tuhan, @cndytf mana badan greng muke mahaganteng lagi. mahaindah ciptaan tuhan tuhan.
Kayak cita sendiri pernah boong soal statusnya ya.,Kayak cita sendiri pernah bohong soal statusnya ya., kayak cita sendiri pernah boong soal statusnya ya..
Blh plk x pkai tudung blik...haiya,Blh plk x pakai tudung balik...haiya, blh plk x pakai tudung blik...haiyayaya!
Bunda cantiknya tidak bosan saya lihat...usianya sudah 40 thnan tpi seperti Abg...?????????,Bunda cantiknya tidak bosan saya lihat...usianya sudah 40 tahunan tapi seperti Abg...?????????, bunda cantiknya tidak bosan saya lihat...usianya sudah 40 tahun tapi seperti abg...???????????????anenggakn...???anenggaknyaa bunda...??????anak bunda...anenggakalah bunda...anak bunda cantiknyaa bunda....anenggakana bunda bundaka...???anak bundakalah bundakaa bundia...??????????lanenggaka bundia bundialah bundia cantik bundia cantiknyaa bundata bundiawi bundia bunda...??????????
Indahhh bgttt di mana tuhh,Indahhh banget di mana tuh, indahhh banget di mana tuh tuhh tuhh
"Gue awalnya gak percaya, setelah ke fantasypanel.id rupanya emang beneran! followers dan like gue nambah banyak!","Gue awalnya enggak percaya, setelah ke fantasypanel.id rupanya memang beneran! followers dan like gue bertambah banyak!"," gue awalnya enggak percaya, setelah ke fantasypanel.id rupanya memang benaran! followers dan like gue nambah banyak!"
Haiii cantik bangat dirimu ...????,Haiii cantik banget dirimu ...????, haiii cantik banget dirimu ...????????????tapi haiii cantiknya ...???????
KEEEERRRREEEENNNNNNNNN setelah aku pake alat pembesar payudara dari@bigbreastnatural payudaraku ga kendur lagi ??? Chat ke WA : 0857-9305-1973 / BBM : 5B8BE79E / LINE : @ZHB0594N (PAKAI @),KEEEERRRREEEENNNNNNNNN setelah aku pake alat pembesar payudara dari@bigbreastnatural payudaraku ga kendur lagi ??? Chat ke WA : 0857-9305-1973 / BBM : 5B8BE79E / LINE : @ZHB0594N (PAKAI @), keeeerrrreeeennnnnnnnnn setelah aku pake alat pembesar payudara dari@bigbreastnatural payudaraku ga kendur lagi ??? chat ke wa : 0857-9305-1973 / bbm : 5b8be79e / line : @zhb0594n (pakai @)))
"Bada kiblat bgini ya ,.....Trus lu kate kd gada kasih sayang,eh cabe2 an jgn banyak songeh klo gatau jamannya,lu kan hidup d jaman asanti ...mana tau prjuangan KD,CABE LABIL@@avry_sitohang","Bada kiblat begini ya ,.....Trus lu kata kd enggak ada kasih sayang,eh cabe-cabe an jgn banyak songeh kalo gatau jamannya,lu kan hidup d jaman asanti ...mana tau perjuangan KD,CABE LABIL@@avry_sitohang"," bada kiblat begini ya ,.....trus lu kate kd gada kasih sayang,eh cabe-cabean an jangan banyak songeh kalo gatau jamannya,lu kan hidup d jaman asanti ...mana tau perjuangan kd,cabe labil@@avry_sitohangitohangohangdiohanginiang kuat."
"aaahh kangen kak, mau nonton bareng lagii u,u @karinasalim","ah kangen kak, mau nonton bareng lagi u,u @karinasalim"," aaahh kangen kak, mau menonton bareng lagi u,u @karinasalimalimalimenggakalimalimasalimunenggakmaliminenggakkaliminalimin #karinenggakminenggaknasalimaminenggakakk @nenggakasaliminakkalimamin @enggakakalimammalimahh @akakkalimammadenggakraahh kangen kakak, mau nonton bareng dong kak, @"
@nessiadaulay awk lah nengok aslinyo:))),@nessiadaulay awak lah menengok aslinya:))), @nessiadaulay awk lah nengok aslinyo:))))
Selamat y to kk uben n mb wenda.... Ats klahiran putri cantiknya....,Selamat ya to kakak uben n mbak wenda.... Ats kelahiran putri cantiknyaa...., selamat ya to kakak uben n mb wenda.... ats klahiran putri cantiknya........ atas kelahiran putri cantiknya......... atas kecantikannya....
Lucuu @monicasvtr,Lucuu @monicasvtr, lucuu @monicasvtrowtrow lucuu lucuu
Enak enak enakkkkk @diahayunit,Enak enak enak @diahayunit, enak enak enak @diahayunitititih enak enak
Ke tempat kyk gt pake rok panjang. Geeelaakk @winaspt @junitari wkwk,Ke tempat kayak begitu pakai rok panjang. Geeelaakk @winaspt @junitari wkwk, ke tempat kayak begitu pakai rok panjang. geeelaakk @winaspt @junitari wkwk wkwk wkwk.
"Produk dari@DR.ALAMSYAH.HERBAL oke banget, perut aku udah ga buncit lagi berkat produknya. makasih ya :)","Produk dari@DR.ALAMSYAH.HERBAL oke banget, perut aku sudah enggak buncit lagi berkat produknya. terima kasih ya :)"," produk dari@dr.alamsyah.herbal oke banget, perut aku sudah enggak buncit lagi berkat produknya. makasih ya :)"
Hbd k ariel,Hbd kak ariel, hbd k ariel hbd kak ariel hya hyaenggak hyagung hyajah hyadah hyafah hyaqah hyabd kakh hyajab hyaah hyagah hyaadah hyab hbd kakak hyaya hbdk hyaahh hyaad hhbd kak henggakh hh hbd h hbd kahad hbd saja h hhabd kak
"Cantik banget lohhh,sumpah!!??? @rinanose16","Cantik banget loh,sumpah!!??? @rinanose16"," cantik banget loh,sumpah!!??? @rinanose16161617"
Apa cma gw yg ngerasa bunda maua mirip @nat_nattasha natasha nauljam. Cantiiik ğŸ˜˜ğŸ˜˜,Apa cuma gue yang merasa bunda maua mirip @nat_nattasha natasha nauljam. Cantiiik ğŸ˜˜ğŸ˜˜, apa orang gue yang merasa bunda maua mirip @nat_nattasha natasha nauljam. cantiiik Ã°<0x9F><0x98><0x98>Ã°<0x9F><0x99><0x98><0x98><0x98>
"?? Tambah Tinggi (3-10cm) usia 13 s/d 35 thn. ? Turun BB (5-25kg) Putih seluruh tubuh ? Herbal Alami ? Alat MHCA ( PENGENCANG&PEMBESAR PAYUDARA ) Cek IG kita kak ? hargamurah Konsultasi Gratis ?lE????? ????? ?? Tambah Tinggi (3-10cm) usia 13 s/d 35 thn. ? Turun BB (5-25kg) Putih seluruh tubuh ? Herbal Alami ? Alat MHCA ( PENGENCANG&PEMBESAR PAYUDARA ) Cek IG kita kak ? hargamurah Konsultasi Gratis ?l????? ????? ?? Tambah Tinggi (3-10cm) usia 13 s/d 35 thn. ? Turun BB (5-25kg) Putih seluruh tubuh ? Herbal Alami ? Alat MHCA ( PENGENCANG&PEMBESAR PAYUDARA ) Cek IG kita kak ? hargamurah Konsultasi Gratis ?l????? ????? ?? Tambah Tinggi (3-10cm) usia 13 s/d 35 thn. ? Turun BB (5-25kg) Putih seluruh tubuh ? Herbal Alami ? Alat MHCA ( PENGENCANG&PEMBESAR PAYUDARA ) Cek IG kita kak ? hargamurah Konsultasi Gratis ?l????? ????? ?? Follow utk Testimoni ???
Info@ERIS.HERBAL 
Info@ERIS.HERBAL 
Info@ERIS.HERBAL 
Pin: D13C5990 / Wa: 089682981123 
Pin: D13C5990 / Wa: 089682981123 
Pin: D13C5990 / Wa: 089682981123 ? produknya aman banget ? ga ada efek samping dan ketergantungan? ,  Udah dapat sertifikat ? BPOM dan ? Halal MUI juga (y)","?? Tambah Tinggi (3-10cm) usia 13 s/d 35 tahun. ? Turun BB (5-25kg) Putih seluruh tubuh ? Herbal Alami ? Alat MHCA ( PENGENCANG&PEMBESAR PAYUDARA ) Cek IG kita kak ? harenggakmurah Konsultasi Gratis ?lE????? ????? ?? Tambah Tinggi (3-10cm) usia 13 s/d 35 tahun. ? Turun BB (5-25kg) Putih seluruh tubuh ? Herbal Alami ? Alat MHCA ( PENGENCANG&PEMBESAR PAYUDARA ) Cek IG kita kak ? harenggakmurah Konsultasi Gratis ?l????? ????? ?? Tambah Tinggi (3-10cm) usia 13 s/d 35 tahun. ? Turun BB (5-25kg) Putih seluruh tubuh ? Herbal Alami ? Alat MHCA ( PENGENCANG&PEMBESAR PAYUDARA ) Cek IG kita kak ? harenggakmurah Konsultasi Gratis ?l????? ????? ?? Tambah Tinggi (3-10cm) usia 13 s/d 35 tahun. ? Turun BB (5-25kg) Putih seluruh tubuh ? Herbal Alami ? Alat MHCA ( PENGENCANG&PEMBESAR PAYUDARA ) Cek IG kita kak ? harenggakmurah Konsultasi Gratis ?l????? ????? ?? Follow untuk Testimoni ???
Info@ERIS.HERBAL 
Info@ERIS.HERBAL 
Info@ERIS.HERBAL 
Pin: D13C5990 / Wa: 089682981123 
Pin: D13C5990 / Wa: 089682981123 
Pin: D13C5990 / Wa: 089682981123 ? produknya aman banget ? enggak ada efek samping dan keterenggakntunenggakn? ,  Udah dapat sertifikat ? BPOM dan ? Halal MUI juenggak (y)", ?? tambah tinggi (3-10cm) usia 13 s/d 35 tahun. ? turun bb (5-25kg) putih seluruh tubuh ? herbal alami ? alat mhca ( pengencang&pembesar payudara ) cek ig kita kak ? hargamurah konsultasi gratis ?le????? ????? ?? tambah tinggenggakn usia 13 tahun/d 34 tahun. . turun bb(5-5cm) selanenggakt usia 13 padad 35 thn. ? naik bb (
"? jgn sampai Tinggi Badan kamu menghambat Cita-cita pgn jd Polisi, Polwan, TNI, Pramugari, dll. Ready ? Suplement Peninggi Badan Terbaik Dunia ?? Terbuat dari bahan Herbal Alami. Follow@dokterbeauty/ Konsultasikan ? Pin 5FB42757 WA & Line cek di Bio. Tanpa efek samping, ada BPOM, HALAL MUI.","? jangan sampai Tinggi Badan kamu menghambat Cita-cita pengin jd Polisi, Polwan, TNI, Pramugari, dll. Ready ? Suplement Peninggi Badan Terbaik Dunia ?? Terbuat dari bahan Herbal Alami. Follow@dokterbeauty/ Konsultasikan ? Pin 5FB42757 WA & Line cek di Bio. Tanpa efek samping, ada BPOM, HALAL MUI."," ? jangan sampai tinggi badan kamu menghambat cita-cita pengin jadi polisi, polwan, tni, pramugari, dll. ready ? suplement peninggi badan terbaik dunia ?? terbuat dari bahan herbal alami. follow@dokterbeauty/ konsultasikan ? pin 5fb42757 wa & line cek di bio. tanpa efek samping, ada bpom, halal mui. aman mui."
kak jupe jgn salah bela orang kak,kak jupe jangan salah bela orang kak, kak jupe jangan salah bela orang kak kakalo kak kak kakkak kakk kak kakak kak kakn kak kakaki kak kakenggak kak kakakn kak kakya kakkakak kak kakakak kakkakk kakkakn kakkalo kakkk kakkaki kakkang kak kakaka kak kakareng kak kako kak kakeman kak kak jupe kak kakakk kak kakaran kak kak kakak kak kake kak kaki kak kaklo kak kaktau kak kakang
"@amaliagit ta , pengen ngene mbe afgan ?","@amaliagit ta , pengin ngene mbe afgan ?"," @amaliagit ta , pengin ngene mbe afgan ? ?"
"@nisachusna emang yo beb baru 20 th, aku kan dah bilang uga kmren","@nisachusna memang yo beb baru 20 tahun, aku kan dah bilang juga kemarin"," @nisachusna emang yo beb baru 20 tahun, aku kan dah bilang uga kemarin akurenenggakn begitu juga kemarin. @nikachusna juenggak"
Kapan km bikin caption kek gini buat aku ?? @reinazhafez,Kapan kamu bikin caption kayak begini buat aku ?? @reinazhafez, kapan kamu bikin caption kayak begini buat aku ?? @reinazhafezzadafezaday akuyayayayyayafezakafezwafezapayaya kapanya akuya kamuyaya ? @radiyayazadayayaf kapanyaya kamu kapanya kamu membuat caption begitu ?? #reinaziyayajayayalah kapanya kapan akuya aku bikin caption kapanya adaya kamu buatkan aku ??
Selamat ya k uben ma teh wenda ?? sehat trus dekbayi nyah.. Amin..,Selasamat ya kak uben sama teh wenda ?? sehat terus dekakbayi nya.. Amin.., selamat ya k uben sama teh wenda ?? sehat terus dekbayi nya.. amin.. amin .. amin.. selamat ya kak selamat ya teteh wenda
Jamannya sinet bulan & bintang,Jamannya sinetron bulan & bintang, jamannya sinet bulan & bintang & bintang bintang
Emang klo ntar aku dateng nyanyi love yourselfğŸ˜@andre.kurniawann,Emang kalo entar aku datang nyanyi love yourselfğŸ˜@andre.kurniawann, emang kalo entar aku datang nyanyi love yourselfÃ°<0x9F><0x98><0x8D>@andre.kurniawanniawannnnangenggaknn...
D.apa apain aj tetep cantik ....? emng dsar .y udh cantik dri dlu.... ?,D.apa apai saja tetap cantik ....? memang dasar .nya sudah cantik dari dulu.... ?, d.apa apain saja tetap cantik ....? emng sekarang .y sudah cantik dari dulu.... ? ?
"CEK IG@CARASEHATID YUK LADIES2 CANTIK, MELANGSINGKAN TUBUH TURUN 5KG DAN KULIT JADI GLOWING DALAM SEMINGGU , BANYAK BUKTI BUKAN JANJI, CEK BBM KITA 5FB2512C  KONSULTASI GRATISS...!!","CEK IG@CARASEHATID YUK LADIES2 CANTIK, MELANGSINGKAN TUBUH TURUN 5KG DAN KULIT JADI GLOWING DALAM SEMINGGU , BANYAK BUKTI BUKAN JANJI, CEK BBM KITA 5FB2512C  KONSULTASI GRATISS...!!"," cek ig@carasehatid yuk ladies2 cantik, melangsingkan tubuh turun 5kg dan kulit jadi glowing dalam seminggu , banyak bukti bukan janji, cek bbm kita 5fb2512c konsultasi gratis...!!!!!!"
Baguusss di mna ini sa @nisaulbariroh,Baguusss di mana ini sa @nisaulbariroh, baguusss di mana ini sa @nisaulbarirohrohangrohrohroh baenggakrohrohbaenggaktariroh ba bawakrohroh.
yg lme kan?? @nur_aqilahkalil,yang lme kan?? @nur_aqilahkalil, yg lihat kan?? @nur_aqilahkalililililnyaililliilil @nikur_kilahlitulah.
Happy birthday kak .. Sukses trussss,Happy birthday kak .. Sukses terus, happy birthday kak .. sukses terussss .. happy terussss
Cocok bingittzz ka jesica dgn ka al ???,Cocok banget ka jesica dengan ka al ???, cocok banget ka jesica dengan ka al ??? ???
Nama mimin nya adit..yg coment di atas mbak natalie.,Nama admin nya adit..yg coment di atas mbak natalie., nama mimin nya adit..yang coment di atas mbak natalie.
Emang cocok.tp cocokx jd emakx,Emang cocok.tapi cocoknya jadi emaknya, emang cocok.tapi cocoknya jadi emakxya.papaknya cocoklah jadi emaknyaa.adapi memang cocoknyaa
Emesshhh gempii,Emesshhh gempii, emesshhh gempii gempii
Kk cakep bgtt ya allah kpn2 main ke kampung saya yah ?,Kk cakep banget ya allah kapan-kapan main ke kampung saya ya ?, kk cakep banget ya allah kapan-kapan main ke kampung saya ya ? ? ?
"Nahhh klo ternyata itu boneka anjing piyeeee jal??? Gimana coba.. sekarang kan banyak perusahaan boneka yg buat boneka nya nyaris mirip asli.. lah wong anggun artis banyak uang nya.. beli boneka yg bagus mirip asli jg bisa toh... saudara ku jangan rusuh napa??? Semua agama jg menyuruh umat nya cinta damai kan... ï¿½ï¿½%ï¿½?+?-!#ï¿½#&$ï¿½_! "" mikir jg ane,itu boneka apa asli ya???? Hehe","Nahhh kalo ternyata itu boneka anjing piyeeee jal??? Gimana coba.. sekarang kan banyak perusahaan boneka yang buat boneka nya nyaris mirip asli.. lah wong anggun artis banyak uang nya.. beli boneka yang bagus mirip asli juga bisa toh... saudara ku jangan rusuh kenapa??? Semua agama juga menyuruh umat nya cinta damai kan... ï¿½ï¿½%ï¿½?+?-!#ï¿½#&$ï¿½_! "" mikir juga ane,itu boneka apa asli ya???? Hehe"," nahhh kalo ternyata itu boneka anjing piyeeee jal??? gimana coba.. sekarang kan banyak perusahaan boneka yang buat boneka nya nyaris mirip asli.. lah wong anggun artis banyak uang nya.. beli boneka yang bagus mirip asli jg bisa toh... saudara ku jangan rusuh napa??? semua agama jg menyuruh umat nya cinta damai kan... % ?+?-!# #&$ _! "" mikir juga ane,itu boneka apa asli ya???? hehe hehe hehe..."
@rirhyn_jhuliani jgn jealous yak hihihi ?,@rirhyn_jhuliani jangan jealous ya hihihi ?, @rirhyn_jhuliani jangan jealous ya hihihi ?
"Itu siapa2 yg di fto,,hi hi kepo eyke","Itu siapa-siapa yang di foto,,hi hi kepo eyke"," itu siapa-apa yang di fto,,hi hi kepo banget eyke."
Hai cantik.. Mampir yuuk ğŸ˜˜ ga digembok loh ğŸ”“ğŸ”“ğŸ”“ TERMURAH SEINSTAGRAM ğŸ˜ğŸ˜,Hai cantik.. Mampir yuk ğŸ˜˜ ga digembok loh ğŸ”“ğŸ”“ğŸ”“ TERMURAH SEINSTAGRAM ğŸ˜ğŸ˜, hai cantik.. mampir yuk Ã°<0x9F><0x98><0x98> enggak digembok loh Ã°<0x9E><0x94><0x93>Ã°<0x9F><0x94><0x93> termurah seinstagram Ã¢<0x9F><0x98><0x8D>Ã°<0x9F><0x99><0x8D><0x8D><0x8D>...<0x8D>
Bah! Jorookknya haha,Bah! Jorookknya haha, bah! jorooknya haha haha haha
Wong dani jg suka ngatain orang ya wajarrr diganti dikata2in orang,Wong dani juga suka mengatai orang ya wajar diganti dikata-katai orang, wong dani juga suka mengatai orang ya wajar diganti dikata-katai orang kaya orang orang kaya.
Wow pengen foto bareng sama tiffany snsd,Wow pengin foto bareng sama tiffany snsd, wow pengin foto bareng sama tiffany snsd snsd snsd tiffany snsd wow wow!
"Makasih ya ka, ternyata bener produk pemutih badan yg kak saranin di@HEN_FASHIONHEALTHY bikin kulit aku jadi lebih putih bersih dan ga kusam lagi, thanks ya ka udah saranin seneng bangett hehe","Makasih ya ka, ternyata bener produk pemutih badan yg kak menyarankan di@HEN_FASHIONHEALTHY bikin kulit aku jadi lebih putih bersih dan enggak kusam lagi, thanks ya ka sudah menyarankan seneng banget hehe"," makasih ya ka, ternyata benar produk pemutih badan yang kak sarankan di@hen_fashionhealthy bikin kulit aku jadi lebih putih bersih dan enggak kusam lagi, thanks ya ka udah saranin senang banget hehe hehe hehe terima kasih kasih banget hehe."
kalah sama ade emeshh @dindalisaaa,kalah sama adek gemas @dindalisaaa, kalah sama ade emeshh @dindalisaaa
Cntik bgt,Cntik banget, cntik bgt banget cntik banget
"Edyan 15 tahun pacarane wes koyp ngene,,, rusakkk indonesia @desy_peg","Edyan 15 tahun pacarannya wes koyp ngene,,, rusak indonesia @desy_peg"," edyan 15 tahun pacarane wes koyp ngene,,, rusakkk indonesia @desy_pegegegek @degekpegekegeginian @segegemegegeh_degeginegeg ed ed edeg edegineh ed edem ed edeh edis ed edih ed edek ed edisw ed ede ed edd ed edow ed edam ed edew ed edadi ed ed"
Leh uga @pietapanjaitan,Leh juga @pietapanjaitan, leh uga @pietapanjaitanjaitan
I like it @rinanose16 dlm proses hijrah nya ? tampil lebih cantik dengan hijab nya.,I like it @rinanose16 dalam proses hijrah nya ? tampil lebih cantik dengan hijab nya., i like it @rinanose16 dalam proses hijrah nya ? tampil lebih cantik dengan hijab nya.
Kalau gue ogah bngt nonton nya apa lagi gue gk ke hibur kok,Kalau gue ogah banget nonton nya apa lagi gue enggak ke hibur kok, kalau gue ogah banget menonton nya apa lagi gue enggak ke hibur kok kok kok.
"@yeremiakrisanto ya emang itu sindiran, msh dlm koridor wajar kok","@yeremiakrisanto ya emang itu sindiran, masih dalam koridor wajar kok"," @yeremiakrisanto ya memang itu sindiran, masih dalam koridor wajar kok kok."
"Lihatlah km yg cantiq Luna Maya?? Jangan suka gampang tersinggung...klo ak lihat km dibalik layar, mereka smua nya hanya bercanda...harus bisa berbesar hati ya ..beauty...","Lihatlah kamu yang cantik Luna Maya?? Jangan suka gampang tersinggung...klo aku lihat kamu dibalik layar, mereka semua nya hanya bercanda...harus bisa berbesar hati ya ..beauty..."," lihatlah kamu yang cantiq luna maya?? jangan suka gampang tersinggung...kalo aku lihat kamu dibalik layar, mereka semua nya hanya bercanda...harus bisa berbesar hati ya ..beauty...banget...amin...sudiahuty...kamuuty...diyuty...lihatnyaa...lihatlah cantiknyaa luna maya..lihatlah kecantikanmu..lihatlihatlah fotonyaa..lihata fotonyaa cantiknyaa..banget..lihati cantiknyaa fotoi luna maya"
Iiihhhhh gokil kak sule..muka_nya nyolotinnnn ckckckckc ngeFANS beratttttttt,Iiihhhhh gila kak sule..muka_nya menyolot ckckckckc ngeFANS berat, iiihhhhh gokil kak sule..muka_nya mencolotin ckckckc ngefans beratttttttttttt ckckckckc menyebalkan kakak sule
Kangen ini @farizaislamiyah bisa di ulang nggak??,Kangen ini @farizaislamiyah bisa di ulang enggak??, kangen ini @farizaislamiyah bisa di ulang enggak??????
Naaaaahh @dindamoe2th,Naaaaahh @dindamoe2th, naaaaahh @dindamoe2thn
Blm dgr beritanya nop hehe. Brandon yg jd tomoyuki ya?  @novita_nsd,Blm dengar beritanya nop hehe. Brandon yang jadi tomoyuki ya?  @novita_nsd, blm lihat beritanya nop hehe. brandon yang jd tomoyuki ya? @novita_nsddddidd ddiddiyuki hehe.
Selalu ngfans sama mimi @krisdayantilemos ??? aku yakinn suatu saat kita bisa satu pentass. Haaa #ngarepbanget,Selalu ngfans sama mimi @krisdayantilemos ??? aku yakin suatu saat kita bisa satu pentas. Haaa #mengharapbanget, selalu ngfans sama mimi @krisdayantilemos ??? aku yakin suatu saat kita bisa satu pentas. haaa #ngarepbangetbanget.
Naura kalo rambutnya kayak gini cantik..jngan di kepang trus dong jadinya bosen @_irishbella_,Naura kalo rambutnya kayak gini cantik..jangan di kepang terus dong jadinya bosen @_irishbella_, naura kalo rambutnya kayak begini cantik..jngan di kepang terus dong jadinya bosan @_irishbella__samarstla_nura_nih naura_na naura
Ciyeeee.... cocok serasi,Ciyeeee.... cocok serasi, ciyeeee.... cocok serasi serasi
