formal,informal,formal_pred
"belum ada konfirmasi lagikah , admin ?",belum ada konfirmasi lagi kah min ?,"apakah belum ada konfirmasi lagi, admin admin?"
"matikan notifikasi yang itu . kemarin juga sampah sekali , notifikasi saya isinya gojek .",matiin notif yg itu . kmrn jg sampah bgt notif gua isinya gojek .,matikan notifikasi itu. saya juga sampah sekali notifikasi isinya gojek.
"kak , untuk keluhan telkomsel , silahkan konfirmasi kepada rekan kami di xuserx kak . - haski","kak , untuk keluhan telkomsel silahkan konfirmasikan rekan kami di xuserx kak . - haski","kak, untuk keluhan telkomsel silahkan konfirmasi rekan kami di xuserx -kan."
percobaan penipuan lainnya . potensi penipuan atas nama gojek . modus operandi : mengiming - imingi hadiah . ada yang mau menandai xnumberx sebagai penipu ?,another attempted fraud . potensi penipuan atas nama gojek . modus operandi : iming2 hadiah . ada yg mau nge - flag xnumberx sebagai penipu ?,sebuah pelanggaran penipuan. potensi penipuan atas nama gojek. modus hadiah. ada yang mau mendaftarkan xnumberx sebagai penipu? : iming - iming
"tolong ! sudah seperti ini , kenapa ?",tolong dong udah xnumberx xnumberx x kayagini . kenapa ya ?,tolong kenapa?. dong sudahx x.number x
para pengemudi xuserx dipersilahkan duduk di ruang tamu dan ada air mineral gelas yang disediakan untuk para tamu tersebut .,"para driver xuserx dipersilahkan duduk di ruang tamu & ada air mineral gelas yg disediakan untuk para "" tamu "" tsb .","para xuserx dipersilahkan duduk di ruang tamu, dan ada air mineral gelas yang disediakan untuk para "" driver tamu "" tersebut."
"admin , mohon info resi id191432841909e ! karena tujuan pengiriman harusnya banjarbaru , tapi dipindahkan ke banjarmasin .","min , info resi id191432841909e dong , soalnya tujuan kiriman harusnya banjarbaru tapi di over ke banjarmasin","admin, nomor resi id191432841909e. tujuan banjarbaru tapi dikirim masuk ke banjarmasin. kiriman seharusnya."
"hal yang lebih cepat dari gundala , habisnya kode promo grab .",hal yang lebih cepet dari gundala : habisnya kode promo grab .,hal yang lebih cepat dari gundala habisnya kode promo grab :.
"geser ke kiri ? kita di twitter kak , bukan instagram .","geser kiri ? kita di twitter kak , buka ig .","geskan twitter kak,.? kita di kiri buka ig"
capai laporan pulsa yang tertelan terus . sialan .,capek laporan pulsa kesedot mulu sialaan ï¸,"lelah, laporan pulsa selalu sekali sial."
"maling yang jadi penyelia , seperti ini jadinya .",maling yg jadi provider y begini dech jadinya,maling yang jadi jadinya di provider y.
"admin , ini dari tadi kenapa tidak bisa memeriksa pulsa yes ? untuk menelepon dan mengirim sms juga tidak bisa . tidak ada jaringan terus , padahal baru beli pulsa kemarin .","admin ini dr td kok gk bs utk cek pulsa yes . buat nelp / sms jg gkbs . not connection mulu , pdhl bru beli pulsa kmrn",admin. beli pulsa kemarin kemarin pulsa yes. untuk mengirim sms juga. /
"hal apa yang lebih cepat dari gundala ? ketika pengemudi dan costumer service sama - sama mengirim pesan "" okay .","hal apa yang lebih cepet dari gundala ? ketika driver dan cs sama - sama ngechat "" oke """,hal apa yang lebih cepat dari gundala? ketika dan sama - sama ngomongpon oke oke cs driver
sudah saya kirim dm - nya . mohon diperiksa .,sudah saya kirim dm nya ya . mohon dicek,sudah saya kirim dmnya. mohon dicek.
ikon fitur asuransi linkaja di nomor xnumberx .,ikon fitur asuransi linkaja di nomor xnumberx,ikon fitur asuransi linkaja di nomor xnumberx.
"astaga . suka sekali kalau lagi berbicara , vi .","astagaa suka bener kalo ngomong , vi !","saya!, vi"
"admin , apakah lowongan pengemudi grab untuk daerah tangerang sedang tutup ?",min apakah lowongan grab driver untuk daerah tangerang sedang tutup ?,admin apakah lowongan grab untuk daerah tangerang sedang tutup? driver
baik kak . terima kasih atas jawabannya .,"oh , oke kak . makasih atas jawabannya","terima kasih, kak. terimakasih atas oh allah. jawabannya."
"masa bodoh , malas sudah pakai smartfren , lebih baik ganti .","bodo dahh , males dah pake smartfren , lebih baik ganti",##fren. lebih baik ganti yang smart bodo.
"kalau hari ini sudah beli , besok bisa beli lagi , admin ?",kalo hari ini udah beli . besok bisa beli lagi min ?,kalau hari ini sudah beli besok bisa beli lagi admin?.
"saya mau tanya , apa nomor rekening yang sudah tidak ditambah saldo selama xnumberx tahun masih aktif / digunakan ?","saya mau tanya , apa nomor rekening yan sudah tidak di tambah saldo selama xnumberx tahun masih aktif / di gunakan","saya mau tanya, apa nomor rekening sudah tidak ditambah saldo selama xnumberx tahun masih aktif / digunakan? yan"
"admin , misalkan sudah membeli paket unlimited xnumberx bulan terus membeli paket internet volume yang unlimited diberhentikan atau tidak ?",min semisal udah paketin unlimited xnumberx bulan trus paketin yg internet volume yg unlimited ke stop atau nggak ?,"admin, volume yang unlimited atau tidak? unlimited xnumberx bulan lalu yang internet ke non stop semisal sudah."
"admin xuserx , mohon minta nomor customer service .",min xuserx minta nomer cust service dong,admin xuserx minta nomor pelanggan.
ada di nomor xnumberx . ayo kawan ikutan : xuserx xuserx xuserx . selesai mengikuti media sosial xuserx . semoga beruntung .,ada di nomor xnumberx yuk kawan ikutan : xuserx xuserx xuserx done follow sosial media xuserx semoga beruntung,ada di nomor dua xuserx xuserx xuserx. sosial media xuserx. semoga beruntung. follow
"lagi - lagi , babi , xuserx ! sebaiknya jangan dijual di pasaran saja . anjing ! malas aku . bangsat !",lagi2 babi xuserx mending jangan di jual di pasaran aja anjing males gw bangsat,"lagi - - babi xuserx, lebih baik jangan dijual di pasaran saja saya anjing saya bangsat."
"admin xuserx ini kenapa sinyalku daritadi g terus ? tolong admin , hanya bisa bergantung pada wifi .",min xuserx ini kenapa sinyalku daritadi g terus ya ? tolong min cuman bisa bergantung sm wifi nih heu,admin xuserx mengapa daritadi g terus? tolong admin hanya bisa bergantung pada wifiku. sinyal
halo . kenapa simpati akhir - akhir ini di daerah saya lambat sekali ?,halo kenapa simpati akhir2 ini didaerah saya lemot sekalii,"halo, kenapa simpati akhir - akhir ini didaerah saya lambat sekali."
"membeli tiket tidak , admin unova ? kalau membeli tiket , mohon pengertiannya terkait harga .",beli tiket nggak nih admin unova ? kalo beli tiket mohon pengertiannya soal harga ya,"admin unova? kalau tiket, mohon pengertian pengertiannya harga. beli tiket tidak beli soal??"
"kalau untuk xnumberx g - nya di daerah saya ini belum merata , kak , daerah kab . pemalang , jateng .","kalau untuk xnumberx g nya didaerah saya ini belum merata ya kak , daerah kab pemalang jateng ?",kalau pemalang jateng kak. daerah kabupatennumberx g nya saya belum merata x?
"kak , paket nomor resi ini xnumberx sudah sampai di mana ?",ka paket no resi ini xnumberx udah sampai dimana ya ?,kak paket nomor resi ini xnumberx sudah sampai dimana?
kemarin meminta bukti pengirimannya . sekarang meminta email . data pribadi tidak sekalian gan ?,kemaren minta bukti tfny . skrg minta email . data pribadi gk skalian cui .,kemarin minta bukti dari -nya. sekarang sekarang email. data pribadi tidak sekarang dibalas cu. minta
mau daftar ulang lagi juga tidak bisa .,mau sign up lagi jg ga bisa,mau daftar lagi tidak bisa.
dicoba nugget dan sosisnya ! siapa tahu mau endorse .,"dicoba nugget nya sosisnya , sapatau mau endorse",dicoba nugget sosis mau berhenti.
"hai , kak . untuk kendala kamu , sudah admin balas di xuserx . silahkan diperiksa . - mh",hai kak untuk kendala kamu udah mimin balas di xuserx silakan di cek ^ mh,"hai kak untuk kendala, kamu sudah dibalas balas di xuserx. terima. silakan dicek."
"ada masalah apa dengan grabfood ? di semarang , dari pagi pesanan tidak ada yang menempel . semua sibuk . ganti restoran pun sama .","whats wrong with grabfood ? di semarang dari pagi order gaada yg nyantol loh , semua busy , ganti resto pun sama","apa benar grabfood? di semarang dari pagi semua bus ganti pun sama saja, order tidak yang. with"
"tolong admin , paket saya belum terkirim dengan resi jp xphonex .",tolong admin paket saya blm terkirim dengan resi jp xphonex,tolong admin. paket saya belum terkirim dengan resi jp xphonex.
"misi sudah selesai , tapi kenapa belum mendapat vouchernya ?",mission sudah selesai tapi kok belum dapat vouchernya,"misi sudah selesai, tapi mengapa belum vouchernya?"
"kalau mau meminta insta cash , telepon ke halo bca ya ? ada syaratnya kah ?","kalo mau request insta cash , telepon ke halo bca yak ? ada requirement kah ?","kalau kalau mau memesan insta cash, telepon ke halo bca? apakah ada persyaratannya?"
bakar terus sampai habis itu uang .,bakaar terooss sampe abis tu duit,
"periksa dm ! kalau tidak , kita putus .","cek dm , kalo gak kita putus","dm kita putuskan, kalau tidak cek"
"iya sudah . tolong periksa dm saya , admin .",iyah sudah tolong cek dm saya min,sudah tolong cek dm saya admin.
"lagi membeli kue di resto pilihan , tapi kata pengemudinya toko tersebut tidak ada kerja sama dengan grab , pengemudi minta dibatalkan . detail di dm . terima kasih .","lagi beli kue di preferred merchant tapi kata drivernya sitoko gak ada kerja sama sama grabnya , drivernya minta di cancell . detail di dm . terimakasih .",lagi kue di tapi kerja sama pengemudiant di dm. terima kasihnya. toko toko tidak adad beli.erre pref merch.
aduh . padahal sudah banyak aplikasi antar makanan semacam,hadeeuuhh . padahal kan udah banyak aplikasi antar makanan semacam,aduh. padahal kan sudah banyak aplikasi antar makanan semacam.
"selamat sore , admin . paket saya tertahan di dc kemayoran , sampai sekarang belum dikirim . mohon dibantu admin . terima kasih .","sore min , paket saya nyangkut di dc kemayoran , sampai sekarang belum dikirim . mohon dibantu min . makasih","sore admin, paket saya tersangkut di dc kemayoran, sampai saat belum dikirim. mohon dibantu admin belum. terima kasih."
"oke . nanti saya coba kembali . terima kasih sarannya , admin .","oke nanti saya coba kembali , thanks sarannya min",oke nanti saya coba kembali. terima kasih sarannya admin.
"admin , paket aku tidak bisa terus . mau sampai kapan ini ? mau mengerjakan tugas jadi tidak bisa .",miinn paketan aku gabisa mulu mau sampe kapan ini mau ngerjain tugas jadi gabisaa,tolong paket aku tidak bisa. sampai mau sampai kapan ini mau mengerjakan tugas
mana dm - nya admin ? belum masuk ke dm saya .,mana dm nya admin ? belum masuk k dm saya,mana? belum masuk dm saya. k admin
"admin , jangan main tebak - tebakan kan bukan kuis tv .",min jangan main tebak - tebakan dong kan bukan kuis tv,"admin, jangan main tebak - main tebakan bukan kuis."
"admin , kalau paket saya diselesaikan ( status sudah diterima ) padahal belum , itu bagaimana ?",min kalau paket saya diselesaikan ( status sudah diterima ) padahal belum itu gimana ?,admin kalau paket saya diselesaikan ( status sudah diterima ) padahal belum itu bagaimana?
"halo xuserx , mohon cek dm saya .","dear xuserx , please check my dm .",xuserx. my dear dm
pengembalian saldo karena gagal penarikan membutuhkan waktu berapa lama ? saya sudah melaporkan xnumberx hari kerja sampai sekarang masih proses ditindaklanjuti terus .,pengembalian saldo karena gagal penarikan membutuhkan waktu berapa lama ya ? saya sudah laporan xnumberx hari kerja sampai skr masih proses ditindak lanjuti terus,pengembalian saldo karena gagal penarikan membutuhkan waktu berapa lama? saya sudah xnumberx hari kerja masih proses ditindaklanjuti.r laporan
"sudah masuk email , pemberitahuannya . disuruh cek lagi , tetap saldo tidak berubah . tapi sudahlah tak mengapa .","udah masuk email pemberitahuannya suruh cek lagi tetep saldo ga berubah , tapi yasudahlah tak mengapa",sudah masuk email pemberitahuannya cek lagi tetap saldo tidak berubah suruh mengapa.
sudah xnumberx x24 jam tidak ada penanganan .,sudah xnumberx x24 jam gak ada penanganan,sudah xnumberx x24 jam. tidak ada penanganan.
"admin , saran shopeepay bisa juga untuk membeli pulsa , paket data , dan listrik . hahaha .","min saran shopeepay later bisa juga dong buat beli pulsa , paket data , dan listrik wkwk",admin saran shopeepay late lanjut bisa juga untuk membeli pulsa paket data dan listrik hah hahaha.
"mau pesan makanan seperti jungkoo , bisa lewat gofood ?",mau order makanan kek jungkook bisa lewat gofood ?,"mau makanan sepertioj, bisa lewat gofood? order"
ada apa denganmu ? xnumberx g itu .,ada apa denganmu . xnumberx g loh itu,ada apa denganmu xnumberx g loh?.
cek dm dari saya . mention juga tidak dibalas . bagaimana ?,cek dm dari saya dongg mention juga ga dibalas gimanasii,cek dm dari saya. mention juga tidak dibalas. bagaimana kasih.
"jangan hanya di sana yang diperbaiki . kami juga di daerah khususnya sulawesi tengah , kab . banggai kepulauan , sudah bayarnya lebih mahal tapi lambatnya minta ampun .",jgn hanya disana yg diperbaiki . kami juga di daerah khususnya sulawesi tengah kab . banggai kepulauan sudah bayarnya kebih mahal tapi lemotnya minta ampun,"jangan hanya diperbaiki. kami juga di daerah khususnya sulawesi tengah,. banggai kepulauan, kami sudah bayarnya sangat mahal tetapi lambatnya disana yang minta ampun."
"hai xuserx xuserx , kenapa setelah di - update versinya jadi loading lama dan tidak bisa lihat apa - apa ? saya mau lihat status pesanan saya .",hai xuserx xuserx ko setelah di update versi nya jadi lola dan ga bisa liat apa2 . saya mau liat status pesanan saya,hai xuserx xuserx. setelah diperbaharui versinya jadi dan tidak bisa lihat apa - apa. saya mau lihat status pesanan saya. lola
"ovo sedang gangguan atau bagaimana , admin ? tidak bisa dipakai transaksi .",ovo lagi gangguan apa gimana nih min gak bisa dipakai transaksi,apakah apakah ovo sedang tidak bisa dipakai transaksi?
"kalau aku , ketika melihat diskon xpercentx grab , langsung cepat .",kalau aku ketika melihat diskon xpercentx grab langsung cuepeett,"kalau aku, ketika melihat diskon xpercentx grab langsung acuh."
maaf tapi saya masih bermasalah lagi .,maaf tapi saya masih bermasalah lagi,"maaf, tetapi masih bermasalah. masalah saya lagi."
"sudah saya dm xnumberx jam yang lalu , belum ada feedback kembali .","sudah sy dm xnumberx jam yg lalu , blm ada feedback kembali",sudah saya dm xnumberx jam yang lalu belum ada feedback kembali.
jarang dipanggil ganteng hahaha . sudah cek dm admin . terima kasih .,"jarang nih dipanggil ganteng wkwk sudah cek dm ya min , thx",jarang dipanggil sudah diperiksa ya admin. kasih kasih dm. terima kasih.
"kak , tolong ini halodoc pesanan saya tidak terkirim , tapi di status tertulis terkirim .",kak tolong ini halodoc orderan saya ngga terkirim tapi di status tertulis terkirim,"kak. tolong ini halodoc saya tidak terkirim. namun, tidak di status tertulis terkirim. orderan"
"sama kak , herannya rutenya berubah per hari ini . kemarin normal saja . bingung tidak ?","sama sis , herannya rutenya berubah per hari ini . kmrn normal aja , bingung ga sih .","sama hari ini. kemarin normal saja. bingung tidak.nya rutenya berubah per sis, heran"
"kamu , put , cek saja di penawaran menarik .",ah elu put cek aje di hot offer,kamu kamu cek cek cek cek saja saja di offer.
"admin , mohon dibalas . sudah xnumberx x24 jam mencoba , tidak masuk - masuk .",min bales dong . udh xnumberx x24 jam cb ga masuk2 .,admin balas. sudah xnumberx x24 jam masuk - tidak cb?
"ini xuserx , kenapa jelek sekali jaringannya di kasomalang kulon , kecamatan kasomalang , kabupaten subang , jawa barat ?","ini xuserx kok butut banget jaringan nya di kasomalang kulon , kecamatan kasomalang , kabupaten subang , jawa barat .",", kabupaten subang, jawa barat. xuserx mengapa sangat sekali jaringannya di kasomalang kulon kecamatan kecamatan kasomalang."
selamat pagi . mau bertanya . apa jnt menyediakan jasa membungkus kayu ? terima kasih .,"selamat pagi , mau tanya apa jnt sediain jasa packing kayu ya ? terima kasih","selamat pagi apa saya siap, jnt, siapkan jasa kayu? terima kasih packing pack, ingin."
seberapa gemas kamu ? : dia mengajak nikah xnumberx tahun lagi . : terus ? : besok aku ajak dia ke kua . : astaga . jomblo tidak akan paham .,seberapa lu ? : doi ngajak nikah xnumberx thn lagi : terus ? : besok aku ajak dia ke kua : asdfghjkl * jomblo can ' t relate,"seberapa kamu? kakak kakak mengajak mengajaknumberx tahun lagi : terus? besok akan aku dia ke kantoronaldaaa. hahaha.te, x rela"
"selamat pagi . saya mau bertanya untuk pelaporan penipuan toko online yang menggunakan bank bni , apa bisa secara online ?","pagi , saya mau tanya untuk pelaporan penipuan ol shop yg menggunakan bank bni bisa secara online ?",pagi. saya mau untuk pelaporan penipuan toko menggunakan bank bni bisa secara online tanya?
"follow back , admin . follow aku karena aku mau kirim dm tidak bisa .",folback min / follow aku soalnya mau kirim dm g bisa,admin admin aku ingin kirim dm g bisa. / follow
"nomor saya saja sudah di dm dari tadi tidak ditangani . bagaimana , admin ?",nomer saya aja udah di dm dari tadi ga ditangani . gimana min ?,nomor saya saja sudah di dm dari tadi tidak ditangani. bagaimana bagaimana admin?
mau pesan gofood rich brian saja bisa ? tolong xuserx bantu kak abigel yang pacaran jarak jauh indonesia - rusia !,"mau lah , gofood - in rich brian aja bisa . tolong xuserx bantu kak abigel yg ldr indonesia - rusia","mau gofood in rich brian saja bisa tolong xuserx bantu indonesia - rusia saja,. kak yang menabung."
"siapa yang suka chib - chib ayo ? ngomong - ngomong , terima kasih xuserx promonya / eat / .",siapa yang suka chib - chib hayoo ! btw thx xuserx promonya / eat /,"siapa yang suka - suka - chib? xuserx, promonya / e chi! terima kasih. /."
"ini sama seperti barang yang ku beli di gmarket , dikirim tanggal xnumberx juga statusnya tertahan terus sampai sekarang .","ini sama kaya barangku beli di gmarket , dikirim tgl xnumberx juga statusnya stuck terus sampe sekarang .","ini sama seperti barang beli diarket, dikirim tanggal xnumberx juga statusnya gagal. terus sampai sekarang."
"iya sama , sudah saya dm dari tadi , mbak yang cantik ini . ini signalnya hai !","iya sama , udeh gw dm dari tadi mba yg cantik , ini signal woi","iya sama, sudah sudah saya dm dari tadi. yang cantik, ini sinyal sinyal ya."
"masih punya kuota , tapi kenapa pulsanya terpakai ya ?",masih punya kuota tapi kenapa pulsanya ketarik ya ?,masih memiliki kenapa pulsanya ketarik kuota?
lambat sekali . xnumberx g rasa xnumberx g . mohon diperbaiki jaringannya . mengadu ke customer service hanya kasih saran yang itu - itu saja .,"superlmot . xnumberx g rasa xnumberx g . mohon d perbaiki jaringannya , ngadu ke cs cuma kasih saran yg itu2 aja .",sangat lambat. xnumberx g rasa xnumberx g. mohon di jaringannya tidak tidak ke kasih saran yang itu - - saja. cs hanyaaiki perb
"kenapa dm saya belum dibuka , admin ?",kok dm saya belom dibuka min,kenapa dm saya belum dibuka admin?
sudah tidak perlu kak ! pulsa saya sudah terpakai xnumberx ribu . harusnya beli yang unlimited xnumberx gb malah yang unlimited xnumberx gb . terima kasih atas pulsa yang terpakainya !,udh gaperlu kak ! pulsa saya udh kesedot xnumberx ribu harus nya beli yg unlimited xnumberx gb malah yg unlimited xnumberx gb . terimakasih atas pulsa yg kesedotnya !,"sudah gagal kak! pulsa saya sudah terpakai malah yang unlimited beli yang unberx gbnya! atas pulsa yang terpotonglimited gb ribu, harus harusnyanum. terima kasih"
bukan saya mbak . saya pengguna setia telkomsel . coba mbak cek tweet teman saya .,"bukan saya mba , saya pengguna setia telkomsel . coba mba cek tweet temen saya","bukan saya mbak. saya pengguna setia telkomsel coba mba cek tweet teman, saya."
belum ada data / dokumen tambahan yang diajukan oleh pihak xuserx ke sistem kami . silahkan ditindaklanjuti ke pihak pos untuk segera ajukan data / respons di sistem . terima kasih .,belum ada data / dokumen tambahan yang disubmit oleh pihak xuserx kesistem kami . silahkan difollow up kepihak pos untuk segera submit data / respon disistem . trims,belum ada data / dokumen tambahan yang dikirim oleh pihak xuserx melalui kami. data / respons pos untuk segera diproses. terima kasih.
kirim pesan saja ul . pilih di menu pusat bantuan .,"chat aja ul , pilih di menu pusat bantuan","di menu pusat bantuan, pilih, chat saja."
"hi xuserx , aku sudah dm . ini sinyal jelek sekali !",eh xuserx gw dah dm ya ini sinyal jelek banget !,hai xuserx saya sudah dm ini sinyal jelek sangat jelek! ya
"xnumberx ini kak , tolong dicek kak . apa sudah sampai bandung ?",xnumberx ini kak tolong di cek kak apa sudah sampai bandung ?,xnumberx tolong diperiksa kak. apa sudah sampai bandung? kak
"admin , kenapa ini gagal kirim xnumberx ? beberapa minggu lalu saya beli parfum mobil gagal juga .",min kenapa ini gagal kirim xnumberx ? beberapa minggu lalu juga saya beli parfume mobil gagal juga,"admin saya beli parfum mobil gagal juga, gagal kirim xnumberx? beberapa minggu lalu juga inie"
"ha sung woon , red velvet , tiffany young , kyu hyun . sini merapat nak .",ha sung woon red velvet tiffany young kyu hyun sini merapat nakk,ha sung woon red velvet tiffany young ky sini merapat.
"tidak ada , tetapi saya sudah hubungi xnumberx . terima kasih .","tidak ada , tetapi saya sudah hubungi xnumberx , terima kasih","tidak ada, sudah hubungi xnumberx terima kasih kepada saya,"
mau sampai kapan sih jaringan kalian hancur seperti ini ? tai ! menyesal beli kuota indosat lagi . sebaiknya ganti provider kalau seperti ini terus .,mau sampe kapan sih jaringan kalian ancur kek gini ? tae nyesel beli kuota indosat lagi - _ - mending ganti provider klo kek gini trus,mau sampai kapan jaringan kalian akan seperti seperti? saya sangat bisa beli kuota indosat lagi. ganti provider kalau seperti ini.
apakah yang bermasalah handphone saya atau aplikasinya kak ?,apakah yg bermasalah handphone saya atau aplikasinya ya kak,apakah yang bermasalah handphone saya atau aplikasinya kak?
"mau komplain , padahal di paket sudah tertulis barang pecah belah , jangan dibanting . tapi ketika sampai barangnya pecah . bagaimana ini ? nomor resi jp xphonex .","mau komplain , padahal di paket sudah tertulis barang pecah belah , jangan dibanting . tapi pas sampai barangnya pecah . gimana dong nih ? nomor resi jp xphonex","mau komplain, padahal di paket sudah tertulis barang pecah belah, jangan dibanting. tapi tepat sampai barangnya pecah. bagaimana bagaimana? nomor resi jp xphonex."
ini smartfren kenapa setiap malam kecepatan internetnya lambat terus ? tidak jelas sekali . ini kenapa ?,ini smartfren knapa stiap malam kecepatan internetnya lemot mlu sih . gk jlas skali . ini knpa ?,ini smartfren kenapa kenapa kenapa malam kecepatan internetnya lambat sekali sekali. mengapa tidak tidak terb sekarang lagi. ini?
"admin , ini kenapa tidak bisa mengecek kuota , terus tidak bisa membeli paket ?","min , ini knpa kok gabisa ngecek kuota , terus gabisa bikin paket","admin kuota, terus tidak bisa membuat paket?"
selamat malam . kenapa gopay saya berkurang dengan tidak seharusnya nominalnya ? padahal saldonya tidak sebanyak itu . bagaimana ini ?,"selamat malam , kenapa go pay saya berkurang yaa dgn tidak seharusnya ya nominalnya ? pdhl saldo nya tidak segitu . bagaimana ini ?","selamat malam kenapa go pay saya berkurang tidak seharusnya nominalnya? padahal saldonya tidak sebesar,. bagaimana ini?,"
tidak pernah dibalas . saya kirim pesan via aplikasi .,tidak pernah dibalas saya chat via aplikasi,tidak pernah dibalas saya via chat aplikasi.
"bagaimana ini ? seharian tidak bisa , pulsa terpotong terus .","gimana nih . seharian gak bisa , pulsa kepotong melulu","bagaimana. seharian tidak bisa, pulsa terpotong melulu."
"mbak , mau bertanya . pesanan di shopee sudah ganti status belum ya ? punya saya juga begitu soalnya , mengirim dm ke admin dari tadi tidak dibalas juga .","mbak mau tanya , pesanan dishopee sudah ganti status blm ya , punya aku juga gitu soalnya , ngedm admin dari tadi nggak dibls juga","mbak mau bertanya, pesanan online sudah ganti status belum punya juga? admin dari tadi tidak diperbaharui juga? aku"
hahaha ini solo xnumberx xnumberx k jadi sekian .,hahahaha nih solo xnumberx xnumberx k jadi sekian .,hahaha solo xnumberx ribu.
tahun baru dan tarif baru yang sungguh membuat,tahun baru dan tarif baru yg sungguh bikin,tahun baru dan tarif baru yang sungguh membuat.
"saya membeli tiket lokal penataran , tapi e - tiket tidak muncul dan saldo xuserx sudah berkurang . mohon solusinya .","saya beli tiket lokal penataran , tapi e tiket tidak muncul , dan saldo xuserx udah berkurang . mohon solusinya","saya tiket lokal penataran, tapi tiket tidak muncul dan saldo xuserx sudah berkurang. mohon beli solusinya."
"bisa mungkin , ikut menyanyikan dulu lagunya . siapa tahu bulan depan masuk kampanyenya .",bisaa kali ikutan nyanyiin dulu aja jingle nya siapa tau buldep masuk campaign nya,bisa dulu lagunya siapa tahu tahu cepat. masuk
"admin , ini tidak bisa beli paket . ayo ! xnumberx menit lagi paketku habis .",min ini gak bisa beli paketan ayo xnumberx menit lagi paketanku entek,admin ini tidak bisa beli paket ayo xnumberx menit lagi paket.
kenalan dengan adminnya boleh mungkin ? hahaha .,kenalan sama miminnya boleh kali hihihi,kenalan dengan temannya boleh sekaliaha.
"langganan tekan * xnumberx tidak bisa , pakai aplikasi tidak bisa masuk juga ?","langganan pencet * xnumberx ga bisa , pake apps ga bisa masuk juga !","langganan tarik * xnumberx tidak bisa, pakai aplikasi aplikasi tidak bisa masuk juga!"
"+ xnumberx tanggal kejadian xdatex , jam xnumberx , lokasi gempol , pasuruan .","+ xnumberx tgl kejadian xdatex jam xnumberx lokasi gempol , pasuruan","+ xnumberx tanggal kejadian xdatex jam xnumberx lokasi gempol, pasuruan."
"dan sudah xnumberx hari , kenapa belum ada feedback ? mohon infonya .","dan sdh xnumberx hari , knp belum ada feedback ya ? mohon info .",dan sudah xnumberx hari belum ada feedback? mohon info.
"terima kasih ! semoga selain bagi - bagi rezeki ke pelanggan , grab bisa terus meningkatkan kesejahteraan pengemudinya juga . mulai dari memperlakukan mereka sebagai ' pekerja , bukan ' mitra .","thanks ! semoga selain bagi - bagi rejeki ke customer , grab bisa terus meningkatkan kesejahteraan drivernya juga . mulai dari memperlakukan mereka sebagai ' pekerja , bukan ' mitra .","terimakasih! semoga selain bagi - bagi ke, grab bisa terus meningkatkan kesejahteraannya juga. mulai dari memperlakukan mereka sebagai'pekerja, bukan'mitra."
"di antara ini , adakah koresponden bank untuk cimb niaga dan sebaiknya yang mana yang saya gunakan ?","di antara ini , adakah correspondent bank untuk cimb niaga dan sebaiknya yang mana yang saya gunakan","apakah di antara ini, adakah bank untuk cimb niaga dan sebaiknya yang mana yang saya gunakan wartesponden corr"
sedang error bukan ? kenapa mau mencari barang tidak bisa terus ?,lagi eror bukan ? kok mau cari barang ga bisa mulu,"mengapa, bukan? mengapa mau barang tidak cari lagi error bisa terus."
tolong dibantu tindak lanjuti formulir bukabantuan yang saya buat untuk transaksi xnumberx .,tolong dibantu follow up form bukabantuan yg saya buat untuk transaksi xnumberx,tolong dibantu bukabantuan yang yang saya buat untuk transaksi xnumberx. form follow
halo gojek . kebetulan kami sedang menggalang donasi pendidikan beasiswa aktivis . kami ingin bermitra dengan gojek melalui gogive untuk prosedurnya bagaimana ? terima kasih .,"halo gojek , kebetulan kami sedang menggalangkan donasi pendidikan beasiswa aktivis . kami ingin bermitra dengan gojek melalui gogive untuk prosedurnya bagaimana ya ? terima kasih",halo gojek. kami ingin bermitra dengan gojek melalui kebetulan kami sedang menggalangkan donasi pendidikan beasiswa aktivis prosedurnya bagaimana? terima kasih.
"admin , pengiriman resi jp xphonex kenapa sudah xnumberx hari belum sampai ? statusnya transit .",min pengiriman resi jp xphonex kok sudah xnumberx hari blm sampai status transit,admin pengiriman resi jp xphonex mengapa sudah xnumberx hari belum sampai status transit?
kenapa nomor saya tiba - tiba terdaftar ?,lah kok nomer saya tiba2 terdaftar sih ?,"mengapa, nomor saya tiba - tiba terdaftar?"
"dikira serius , ku hapus juga ini aplikasi .",kirain serius ku uninstall juga ni aplikasi,aku serius aku juga ini aplikasi. unilnstal kira
saya mencoba restoran lain juga sama . jadi bagaimana ini sistemnya ?,ku coba resto lain juga sama . jd gmn sih sistemnya ?,aku lain juga sama. jadi bagaimana sistemnya?o coba
"oke , mungkin & biasa ada sla untuk penyelesaiannya . mohon dipastikan tindak lanjutnya dan tidak terjadi keterlambatan kembali .","ok , mungkin & biasa ada sla untuk penyelesaiannya . mohon dipastikan follow up nya dan tidak terjadi keterlambatan kembali",", saya sangat mungkin dipercepat untuk penyelesaiannya. mohon biasa ada tindak dan tidak terjadi keterlambatan kembali. ok"
fitur asuransi linkaja ada di nomor xnumberx . ayo ramaikan .,fitur asuransi link aja ada di nomor xnumberx . kuy ramaikan .,fitur asuransi linkaja ada di nomor xnumberx. tolong ramaikan.
"caranya bagaimana , admin ? saya utak - atik dari tadi tidak menemukan tombol penilaiannya , hanya ada kasih bintang untuk pengemudi .","caranya gimana min ? sy utak atik dari tadi ga nemu tombol penilaiannya , cm ada kasih bintang buat driver",caranya bagaimana admin? saya atik dari tadi tidak menemukan tombol penilaiannya. tapi ada kasih bintang.
entah kenapa memang kalau mengantar orang ke rumah sakit itu ada berkah tersendiri . sudah sering sekali dapat hasilnya .,entah kenapa emang kalo nganter orang ke rs itu ada berkah tersendiri udah sering banget dapet hasilnya,"entah kenapa, kalau mengantar orang ke itu ada berkah tersendiri sudah sering sekali dapat hasilnya. rs"
aduh memang indosat bermasalah terus ini . mana pulsa terpakai tiba - tiba . ingin rasanya ganti provider saja .,"waduhh emg indosat bermasalah mulu nih , mana pulsa suka kesedot tbtb . ingin rasanya ganti provider sj",aduhuh memang indosat bermasalah terus. ingin rasanya ingin ganti provider saja tetapi pulsa sering tersed sekali.
sayang cuma sehari saja bisa pakainya .,sayang cuma sehari doang bisa make nya .,"sayang, hanya sehari saja bisa makenya."
admin xuserx kenapa sekarang minimal transaksi harus besar begini ? jadi semakin susah dapat cashback .,miinn xuserx koo skrng minim transaksi kudu besar gini jadi makin susah dapet cashback dongg,miin xuserx. sekarang transaksi harus besar ini sekarang jadi semakin susah mendapatkan cashback. minim
"kenapa diam admin , tidak membalas dm saya ?",kenapa diem min enggak bales dm saya ?,kenapa diam tidak balas dm saya?
"sinyal tiba - tiba hilang baru saja , lokasi di jombang .",signal tiba2 hilang ya barusan lokasi di jombang,sinyal tiba - tiba hilang lokasi di jombang barusan barus
"judul : di sini senang , di sana senang , pencipta : ibu sud",judul : di sini senang di sana senang pencipta : ibu sud,judul : di sini senang di sana senang pencipta : ibu sud.
"admin , jnt cipayung masih ada tidak ? tadi saya ke situ tapi tutup , padahal di google tulisannya buka .",min jnt cipayung masih ada ga sih ? tadi saya kesitu tapi tutup pdhl di google tulisannya open - __ -,"admin, jnt cipayung masih ada tidak? tadi saya ke sini tutup saja. di google tulisannya open."
kenapa mau mengaktifkan paket tidak bisa ?,kok mau aktifin paket gak bisa ya ?,mengapa mengaktifkan paket tidak bisa?
halo admin . mohon dicek untuk paket dengan nomor resi di bawah ini . sudah xnumberx hari masih di situ - situ saja . darurat soalnya . terima kasih .,"halo admin , mohon dicek untuk paket dengan nomor resi dibawah ini . sudah xnumberx hari masih disitu2 aja . urgent soalnya . thank you .",halo admin.. mengapa sudah xnumberx hari masih di saja paket dengan nomor resi dibawah ini. mohon urgent sebabnya. untuk
"wahai xuserx , mengapa ini tidak bisa melacak pengiriman ?","wahai xuserx , mengapa ini tidak bisa tracking pengiriman ?","wahai xuserx, mengapa ini tidak bisa melacak pengiriman?"
"admin , yang paket internet malam hingga pukul xnumberx pagi itu yang jadi patokan xnumberx pagi wib atau xnumberx pagi waktu lokal pengguna ?","min , yg paket internet malam hingga pukul xnumberx pagi itu yg jadi patokan xnumberx pagi wib atau xnumberx pagi waktu lokal user ?","admin, yang paket internet malam hingga pukul xnumberx pagi itu yangnumberx pagi wib atau xnumberx pagi waktu lokal user x?"
belanja di ramayana katanya ada uang kembali xnumberx ribu bila belanja xnumberx ribu . kenapa belum masuk ?,belanja di ramayana katanya ada cash back xnumberx xnumberx rb / belanja xnumberx xnumberx xnumberx rb . kenapa blm masuk ya,belanja di ramayana katanya ada xnumberx ribu. kirim belanja xnumberx ribu masuk? back /. mengapa belum cash
halo xuserx . sejak kapan transfer ke bank bni dikenakan xnumberx / transaksi ?,"halo , xuserx sejak kapan transfer ke bank bni kena cash xnumberx / transaksi ?",halo xuserx sejak kapan transfer ke bank bni xnumberx / transaksi kena cash?
ditunggu penyelesaian kasusnya . cek dm . terima kasih .,ditunggu loh penyelesaian kasusnya . cek dm . trims,ditunggu penyelesaian kasusnya. cek dm. terima kasih.
aku cabut jarum pentul kerudung untuk membuka kartu sim di depan costumer service xuserx .,aku copot jarum pentul kerudung buat buka kartu sim didepan cs xuserx dong ğŸ¤£,aku ambil jarum pentul kerudung untuk kartu sim di depan xuserx. buka cs
"satu lagi , admin . saya aktifkan paket ig loop xnumberx xnumberx gb xnumberx kali tapi kenapa malah tidak diakumulasi jumlahnya ? pulsa sudah terpakai xnumberx ribu .","satu lagi min , saya aktifin paket ig loop xnumberx gb xnumberx kali tp knp malah ga diakumulasi jumlahnya , pulsa udh kesedot xnumberx xnumberx rb",satu kali tapi kenapa malah tidak diakumulasi gb xnumberx xnumberx ribu. jumlahnya. pulsa sudah terpotong terpakai lagi. saya paket i lambat.
adaptasi teknologi yang tidak diimbangi dengan sdm mumpuni merupakan permasalahan utama di indonesia .,adaptasi teknologi yg tida diimbangi dengan sdm mumpuni merupakan permasalahan utama di negara berflower,adaptasi teknologi yang tidak diimbangi dengan sdm mumpuni merupakan permasalahan utama di negara berfare.
"halo xuserx . apakah sedang ada gangguan ? khususnya jaringan xnumberx g lambat , bahkan tidak bisa digunakan . saya di duri kosambi , cengkareng , jakarta barat .","halo xuserx apakah sedang ada gangguan ? khususnya jaringan xnumberx g lambat bahakan tidak bisa digunakan , sy di duri kosambi , cengkareng jakbar .","halo xuserx apakah sedang ada gangguan? khususnya jaringan xnumberx g lambat sehingga tidak bisa digunakan di duri kosambi, cengkareng jakbar saya., saya"
"kontak saja ke adminnya xuserx om , mungkin bisa dibantu .","kontak aja ke adminnya xuserx oom , mungkin bisa dibantu",kontak saja ke admin mungkin bisa dibantu oleh xuserx.
ini yang muncul ketika saya masukkan nomor kontrak .,ini yg muncul ketika sy masukkan nomor kontrak,ini yang muncul ketika saya masukkan nomor kontrak.
"provider isinya hanya anjing , maling , dan penipu konsumen .",provider isiny cm anjing maling dan penipu konsumen,provider isinya isinya anjing maling dan penipu konsumen.
download xnumberx xnumberx xnumberx mb saja lambatnya minta ampun . halo !,"download xnumberx xnumberx xnumberx an mb saja leletnya minta ampun , hallo",download xnumberx ribu satu satu mb saja lambatnya minta ampun. terima kasih.
"indosat , mengapa ini lambat sekali dari kemarin ?",indosat kenapa ya ini lemot banget dari kemaren,indosat kenapa? ini lambat sekali dari kemarin.
tolong xuserx antarkan dia ke rumah datuk pala botak .,tolong xuserx antar kan dia ke rumah datuk pala botak,"tolong xuserx, dia ke rumah datuk pala botak, antar."
"mengapa error terus , hanya sekali tahu tap nya .",paan dah error mulu cuma sekali tauk tap nya huhuhu,pa sudah hanya sekali tahu tahu hah hahaha.
"selamat pagi admin , bella , atau milea . tolong untuk transaksi xnumberx dimasukan nomor resi terlampir .","pagi mimin , bella atau milea . tolong untuk transaksi xnumberx di input no resi terlampir ya .","pagi admin, bella atau milea. tolong untuk transaksi xnumberx resi terlampir ya. input nomor. di"
ios yang baru memang seperti ini ya ? kan saya jadi tidak bisa pamer kalau pakai .,ios yg baru emang kyk gini ya ? kan aku jadi gaisa pamer kalo pake,ios yang baru memang seperti ini? kan jadi pamer kalau menggunakan akusa gai
pelatihan keamanan berkendara xuserx bekasi di jati bening .,pelatihan safety riding xuserx bekasi at jati bening,pelatihan kecepatan lintas xuserx bekasi at jati bening.
selamat siang kak . mohon diperiksa saya mengirimkan dm . terima kasih .,"selamat siang kak , mohon dicek saya mengirimkan dm . terimakasih","selamat siang kak. terima kasih mohon diperiksa saya mengirimkan, dm. terima kasih."
halo admin . buka dm dari saya .,"hallo admin , buka dm dariku dongss","halo admin buka dm,"
"ada apa gerangan , wahai provider sinyal akhirat ?","ada apa gerangan , wahai provider sinyal akherat",ada apa lagi provider sinyal akherat.
xnumberx . nu ' est xnumberx . momoland xnumberx . a pink xnumberx . the boys xnumberx . fromis xnumberx ikut,xnumberx . nu ' est xnumberx . momoland xnumberx . a pink xnumberx . the boys xnumberx . fromis xnumberx ikutan,xnumberx. cintanumberx. indonesia xnumberx. penggemar xnumberx. a pink xnumberx. boys xnumberx. x ikutan.
"untuk pengiriman uang melalui dbs singapura ke bri indonesia , proses uang masuk berapa hari ya ? karena semalam suami transfer , tapi sampai sekarang uang belum kak .","untuk pengiriman uang via dbs singapura ke bri indonesia proses uang masuk brp hari ya , soalnya semalam suami tranfer , tp smpe ckrg uang blm kak",untuk pengiriman uang dbs singapura ke bri indonesia membutuhkan proses uang masuk berapa hari? semalam suami mengambil uang belum kak tranfer. tapi sampai. via
"yang terhormat indosat , ini mengapa periksa paket isi voucher paket tidak bisa . tolong jawab . jangan jawab hanya hai hai hai kak terus .",yang terhormat indosat ini kenapa cek paketan isi voucher pakatan tidak bisa . tolong jawab . jangan jawab cuma hai hai hai kak terus,yang terhormat indosat isi voucher bersama tidak bisa. tolong jawab. jangan jawab hai hai hai kak. terus cuma cek paket
"admin , saya sudah sampai tujuan , tapi di aplikasi belum bisa kasih rating . bisa tolong hubungi pengemudi untuk menyelesaikan perjalanan ? detail akan saya dm . terima kasih .","min sy sdh sampai tujuan tp di aplikasi blm bisa kasih rating , bs tolong hubungi driver utk menyelesaikan perjalanan ? details akan sy dm , thx","admin. saya sudah sampai tujuan. namun di aplikasi belum belum.. belum bisa kasih penilaian tolong hubungi pengemudi untuk menyelesaikan perjalanan? rinci rinci akan saya, terima kasih dm saya."
isi ulang gopay xuserx lewat mobile banking xuserx bisakah ?,top - up gopay xuserx lewat mobile banking xuserx bisakah ?,gopay xuserx lewat mobile banking xuserx bisakah? up - top
"api kalau tidak punya print bagaimana , admin ?",api kalau gak punya print gimana min ?,api kalau tidak punya perangkat print bagaimana admin?
"tokopedia sekarang cashbacknya pelit , hanya sedikit lebih baik ke aplikasi bukalapak lebih besar .",tokopedia skrg cashbacknya pelit cuma dikit mending ke aplikasi bukalapak lebih gede,tokopedia sekarang cashbacknya sedikit sedikit lebih ke aplikasi bukalapak lebih besar.
"tidak ada paket khusus dengan harga spesial hari pelanggankah , admin ?",ga ada paket khusus dengan harga special hari pelanggan kah min ?,"tidak ada paket khusus dengan harga hari pelanggan, admin? special"
ini xuserx lambat sekali xnumberx g - nya .,nih xuserx lemot banget xnumberx g nya,xuserx sangat sekali sekalix g.
"tolong dari kemarin sinyal penuh , tapi tidak bisa pakai apa - apa , sering sekali begini .","tolong tolong dari kemaren sinyal full tapi gabs buat apa â€ , sering banget begini",tolong tolong dari kemarin sinyal penuh tetapi tetapi tetapi digunakan untuk apa. sering sekali sering seperti seperti ini.
saya mau menanyakan tentang konser k - pop super festival . mengapa di gambar ada xuserx tetapi di daftar list artis xuserx tidak ada ?,saya mau menanyakan tentang konser kpop super festival mengapa di gambar ada xuserx tetapi di daftar list artis xuserx tdk ada ?,saya mau menanyakan tentang konser super festival mengapa xuserx tidak tidak ada? ada xuserx tetapi list artisop kp
"admin , menjual cilok yang seperti di tidak ?",min jual cilok yg kayak di gak ya ?,"admin, cilok yang seperti seperti di jual jual?"
xnumberx transaksi tersebut mengapa batal ? itukan sudah dikirim . kurir sudah jemput .,xnumberx transaksi tersebut knp batal ? itu kan udh dikirim . kurir udh pickup,"xnumberx, transaksi tersebut kenapa batal? itu kan sudah dikirim. kurir sudah sudah pick"
di busway dan tol bisa normal digunakan atau untuk naik komuter agak berbeda ? mohon infonya . sayang saldo flazz saya kalau dianggap kadaluarsa .,"di busway dan tol bisa normal digunakan , atau buat naik commuter agak berbeda ? mohon info , sayang2 saldo flazz saya kalau dianggap kadaluarsa","di busway dan tol bisa normal digunakan atau untuk naik mohon info sayang - mengapa saldo flazz saya kalau dianggap kadaluar berbeda?, comm,utersa."
"aduh beda - beda sinyal tiap daerahnya , tapi saya sementara pakai telkomsel . tak ada obat cepat sekali . tapi itu juga mahal sekali . ya allah .","waduh beda2 gasih sinyal tiap daerah nya tp gw sih sementara pake telkomsel , gada obat kenceng banget . tapi yaitu mahal banget juga ya allah",aduh beda - beda sinyal setiap. berbeda tetapi sementara pakai telkomsel. tetapi obatnya nya sangat sekali mahal sekali juga daerah saya bukan saya saya allah.
untuk nomor rekening ponsel minimal nominal berapa ?,untuk no rek ponsel minimal nominal brp ya,untuk nomor rekening ponsel minimal nominal berapa?
"mohon kesediaan bapak / ibu pelanggan menunggu , dengan senang hati kami segera merespons mention kembali . terima kasih . - redo","mhn kesediaan bpk / ibu pelanggan menunggu , dengan senang hati kami segera merespon mention kembali . tks ^ redo",terimakasih kesediaan / ibu pelanggan. dengan senang hati kami segera mention kembali. terima kasih kasih merespon
ini mengapa dari kemarin saya daftar paket yellow tidak bisa terdaftar ? mohon dibantu .,ini kenapa ya dari kemarin saya daftar paket yellow gak bisa kedaftar ya ? mohon dibantu,mengapa paket yellow tidak bisa terdaftarftar? mohon dibantu. dari kemarin saya daftar
"berarti sudah berubah aturannya , kalau tidak salah dulu bisa dilakukan melalui atm .","berarti sudah berubah ya aturannya , kalau tak salah dulu bisa dilakukan via atm .",berarti sudah berubah aturannya dilakukan melalui atm. bisa salah
"halo , kak . kita sama , akun saya yang satunya terkunci dan menunggu kodenya tidak sampai - sampai masa .","hallo kak kita sama , akun saya yg satunya ke lock dan nunggu kodenya gak nyampeÂ² masa","halo kak. kakak, kita sama akun saya yang satunya dan menunggu kodenya tidak sampai - sampai. masa?,"
selamat pagi . modem m2y saya ada notifikasi : update firmware baru . apa maksud notifikasi tersebut ?,selamat pagi . modem m2y saya ada notifikasi : update firmware baru . apa maksud notifikasi tsb ?,selamat pagi. modem m2. apa maksud notifikasi tersebut? saya ada notifikasi : upgrade perangkatware baru
"ternyata begitu , terima kasih banyak infonya .","oh begitu , terima kasih banyak infonya",banyak infonya. terima kasih oh begitu.
"cara aktifkan pay later - nya bagaimana , admin ? saya mau pakai di tokopedia .",cara aktifkan paylaternya bagaimana ya min ? saya mau pake di tokopedia,bagaimana cara aktifkan pay bagaimana? saya mau menggunakan di tokopedia multiplaternya
iya grabfood - nya tidak ada promo .,iya grab foodnya ga ada promo,iya grab ada promo iklannya tidak food
"admin , saya tidak bisa melakukan transaksi pembayaran tiket kereta api dari mbanking dan mandiri online , sedang bermasalahkah ?","min , saya tidak bisa melakukan transaksi pembayaran tiket kereta api dari mbanking dan mandiri online , sedang error kah ?","admin, saya tidak bisa melakukan transaksi pembayaran tiket kereta api dari toko dan mandiri online. sedang?"
"tapi ada estimasi kan untuk xnumberx bts memakan waktu berapa lama , karena tanpa perencanaan semua bisa berantakan .","tapi ada estimasi kan untuk xnumberx bts memakan waktu brp lama , karena tanpa planning semua bisa berantakan",. tapi ada estimasi bahwa untuk xnumberx bts memakan waktu berapa lama karena tanpa rencana rencana semua bisa berantakan.
"hai xuserx . apakah sinyal xnumberx g - nya sedang ada gangguan ? mengapa saya kesulitan akses internet saya di rawamangun , jakarta timur . infonya",hai . xuserx apakah sinyal xnumberx g nya lagi ada gangguan kok saya kesuuliittan akkses internet saya di rawamangun jaktim . infonya,"hai xuserx, apakah sinyal xnumberx g nya ada gangguan??? mengapa saya sangat?. internet saya di rawamangun infonya bagus. lagi jaktim"
"turunkan tarif grab atau tambahkan promonya biar murah , tapi promo yang bsia dipakai bukan pajangan di inbox semata .","turun kan tarif grab atau banyak2in promo nya biar muraah , tapi promo yg bisa dipakaii bukan pajangan di inbox semata huhu",tarif grab atau promonya agarram dipakai bukan pajangan di inbox semata. banyak - - promo yang bisa turun
"nomor smart xnumberx koordinasi lokasi sawangan , depok",no smart xnumberx koordinasi lokasi sawangan depok .,nomor smart xnumberx koordinasi lokasi sawangan depok.
"hingga kapan ya ? karena aktifitas saya menjadi terganggu , padahal saya baru saja mengisi paket data . terima kasih .","hingga kapan ya ? karena aktifitas saya menjadi terganggu , padahal saya baru saja mengisi paket data . terima kasih","hingga kapan? karena aktifitas saya menjadi terganggu, padahal saya baru saja mengisi paket data. terima kasih."
"halo , kak . ini mengapa saya dari kemarin - kemarin tidak bisa memasukan kode promo ? semuanya baik grabfood , bike , car","halo kak ? ini kenapa ya kok saya dari kemarin2 gabisa masukin kode promo ? semuanya baik grabfood , bike , car",halo kak saya dari kemarin - mengapa tidak tidak dapat kode promo? semuanya baik grabfood bike? mengapa masuk
"admin , tolong periksa dm saya . hai .",min tolong cek dm ane hey,"admin, tolong cek dm saya teman."
"nomor awb : xnumberx mohon ditindaklanjuti alamat yang betul adalah saepul hidayat xnumberx , kampung coblong , talang rt xnumberx / xnumberx , desa sukakarya , kecamatan mega mendung , bogor .",nomor awb : xnumberx mohon di follow up alamat yang betul adalah saepul hidayat xnumberx kp coblong talang rt xnumberx / xnumberx . desa sukakarya . kec . mega mendung . bogor,"nomor awb : xnumberx. bogor, mohon ditindaklanjuti. alamat yang betul adalah bapak hidayat xnumx desa sukakar mega mendung. bogor, xnumberx / xnumberx rt kampunglong talangya kec..."
"normal apanya admin ? sudah beberapa hari mati nyala terus . hari ini tidak tahu sudah berapa kali , tidak menghitung saking seringnya .","normal apanya min , udah beberapa hari mati nyala terus . hari ini ga tau udah berapa kali , ga ngitung saking seringnya",normal apanya admin?? sudah beberapa hari mati nyala. hari ini tidak tahu berapa kali tidak menghitung saking seringnya.
"xnumberx hari xnumberx gb youtube hanya berkurang xnumberx xnumberx mb , karena memang tidak jalan , loading saja terus . emosi di jiwa .","xnumberx hari xnumberx gb yutup , cuma berkurang xnumberx xnumberx mb , krn emang ga jalan , loading aja terus . emosi djiwa","xnumberx hari xnumberx gb, sehari berkurang xnumberx mb. tidak, karena tidak jalan. loading saja., hanya emosi saja."
"admin , tidak bisa beli paket data .",min gabisa beli paket data dong,admin tidak tidak bisa beli paket data.
"baik , kak dewa . silahkan periksa dm kembali .","baik kak dewa , silakan cek dm kembali",baik kak dewa dm kembali. silakan cek
"bukalapak yang terhormat , mengapa ongkos kirim bukalapak berbeda dengan di lapangan . bahkan dibandingkan dengan marketplace lain , meski bebas ongkos kirim , harganya tetap sama tanpa dinaikan terlebih dahulu .","bukalapak yang terhormat , kenapa ongkir bukalapak berbeda dengan dilapangan . bahkan dibandingkan dengan marketplace lain , meski freeong hrgnya tetap sama tanpa di markup terlebih dahulu .","bukalapak yang terhormat, bukalapak berbeda dengan bahkan dibandingkan dengan marketplace lain. meski gratisnyanya tetap sama tanpa dip kembali terlebih dahulu. kenapa ongkos kembali.."
perasaan saya tidak pernah registrasi ke layanan / fitur tersebut . mengapa bisa tiba - tiba ada sms begitu ?,lha perasaan saya ga pernah registrasi ke layanan / fitur tsb . kok bisa tiba2 ada sms begitu .,perasaan saya tidak pernah registrasi ke layanan / fitur tersebut. mengapa bisa tiba - tiba ada sms - nya. begitu?
"ini titiknya hanya beda xnumberx meter , beda harga lumayan hahaha xuserx . bagaimana ?","ini titiknya cm beda xnumberx meter , beda harga lumayan wqwq xuserx kumaha",ini titiknya meter. beda harga lumayan. xuserx kum cm berbedaaha.
"s3 digital marketing social engagement harvard , memanfaatkan yang sedang viral .",s3 digital marketing social engangement harvard . memanfaatkan yang sedang viral .,yang sedang viral. s3 digital marketing harvard memanfaatkan.
coba saja pakai xuserx di mbd wan .,cobain aja pake xuserx di mbd wan,coba saja pakai xuserx di ponsel wan.
"semakin update , semakin tidak ramah pengguna aplikasinya .",makin update makin ga user friendly ya aplikasi nya .,semakin update semakin tidak aplikasinya. friendly user
batas pengiriman dari bca ke bank lain per hari berapa melalu klikbca ?,limit transfer dr bca ke bank lain per hari brp ya via klikbca ?,batas bca ke bank lain per hari harus melalui klikbca? transfer dari
hati - hati nanti tersesat lagi ke kampung lain .,ti ati tar nyasar lagi ke kampung lain .,"ti hati,sar lagi ke kampung lain."
"tidak bisa . gagal terus , ra aura .","gak bisa . gagal terus , ra aura .","tidak bisa. gagal aura., ra"
selamat malam kak . apa customer service di sini aktif ? mau sampaikan keluhan tracking paket tersesat .,"malam kak , apa cs disini aktif ? mau sampaikan keluhan tracking paket nyasar .","malam kak apa aktif? sampaikan keluhan melacak paket gagal., cs"
selamat siang . voucher shopee senilai xnumberx ribu . apakah ketika melakukan pembelian melebihi nominal tersebut dapat dibayar dengan tunai ? mohon infonya . terima kasih .,"selamat siang , voucher shopee senilai xnumberx xnumberx xnumberx ribu apakah ketika melakukan pembelian melebihi nominal tsb dapat dibayar dengan cash ? mohon infonya . trims .","selamat siang voucher shopee senilai xnumberx ribu apakah ketika melakukan pembelian melebihi nominal tersebut dapat dibayar dengan cash? mohonnumnya.berxx, x. terima kasihnumber x"
"admin , kalau mau mendaftar sponsorship untuk mahasiswa yang mau ikut event ke luar negeri bisa apa tidak ? mohon bimbingannya . terima kasih .","min , kalo mau apply sponsorship buat mahasiswa yg mau ikut event ke luar negri bisa apa ga ? mohon bimbingannya , trimakasih","admin, kalau mau mendaftar sponsorship untuk mahasiswa yang mau ikut event ke luar negeri, bisa apa tidak?nya. terima kasih."
"kasihan temanku ini , sedang kelaparan malah dijahati pengemudi grab .","kasian temenku ini , lagi kelaperan malah dijahatin mamang grab","kasihan teman grab, malah dikasih temanku"
"admin , kalau mau kirim pulsa ke telkomsel bisa tidak hanya xnumberx ribu begitu ?",min kalo mau transfer pulsa ke telkomsel bisa ga cuma xnumberx ribu gitu,"admin., kalau mau pulsa ke telkomsel bisa tidak hanya hanya xnumberx ribu saja. transfer"
"sekarang drama gosend . xnumberx . aplikasinya error tapi pengemudi di sana sudah sampai lokasi jemput bersama , di mana saya harus mengulang pesanan . masih dimaklumi .","sekarang drama gosend . xnumberx , app error tp driver disana sdh smp lokasi jmpt brg , dmn saya hrs repeat order . msh dimaklumi .","sekarang drama gosend. xnumberx lokasi. mohon dimaklumi saya harus update., aplikasi order. aplikasi diperbaiki."
"paket mahal - mahal , sinyal busuk setiap jam xnumberx - xnumberx . terus saya pakainya kapan ? bangke !","paket mahal "" sinyal busuk setiap jam xnumberx - xnumberx trz gua makenya kpn ? bngke",apakah paket mahal sinyal busuk setiap jam xnumberx - jam saya sayakan? bnaha.
"dari internet jelek , sinyal sering hilang , daftar paket saja lama tidak masuk - masuk . hahaha . bagaimana mau mau hei indosat . balas dm hei .",dari internet jelek . sinyal sering ilang2 an . daftar paket aja lama gak masuk2 . wkwkwkwwkwkww gimana mau maju woyy indosott bales dm woyy,"dari internet jelek sinyal sering hilang - -an. daftar paket saja lama tidak masuk - masuk. hahaha mau dm, bagaimana ingin maju indonesia indonesia balas tolong."
"mohon maaf atas kesalahan penyebutan nama ibu novi . untuk email ibu , akan kami tindaklanjuti . mohon kesediaannya menunggu . terima kasih . - toby","mohon maaf atas kesalahan penyebutan nama ibu novi . untuk email ibu akan kami tindaklanjuti , mohon kesediaanya menunggu . tks ~ toby","mohon maaf atas kesalahan penyebutan nama ibu novi. untuk email ibu akan toby kasih. mohon menunggu balasan terima kasih. ~,"
"halo , admin . mengapa tidak bisa ditambahkan rekening bank ?",halo min knp gak bisa tambahkan rekening bank ya ?,halo admin mengapa tidak bisa rekening bank? tambahkan
opini yang mana ? memang rokok itu mengerikan dan membunuh . titik .,opini yang mana ? memang rokok itu mengerikan dan membunuh . titik .,opini yang mana? memang rokok itu mengerikan dan membunuh. titik.
"iya , saya sudah menyetujui karena saya buru - buru dan kurang paham . apakah bisa saya batalkan ?",iya saya sudah menyetujui karena saya buru buru dan kurang paham . apakah bisa saya batalkan ?,iya saya sudah menyetujui karena saya buru buru dan kurang paham. apakah bisa saya batalkan?
sedang error kah ? saya sudah isi ulang saldo dari mbanking dan sudah terpotong malah error aplikasi ovo - nya .,lg error ya ? saya dah top up saldo dr m banking dan udh kepotong malah error app ovonya ï¸,apakah lagi error? saya sudah top up dan sudah terpotong malah error aplikasi ov saldo dari m - uponya. banking
lounge untuk nasabah prioritas untuk berapa orang ?,lounge untuk nasabah prioritas untuk berapa orang ?,tempat untuk nasabah prioritas untuk berapa orang?
"selamat malam , kak xuserx . bantuk periksa dm kami ya . terima kasih .",malam kak xuserx bantu cek dm kami yaa ! tks,malam kak xuserx periksa dm kami! terima kasih.
iya kak . mohon dibantu untuk merubah status menjadi terkirim dengan input resi yang tadi saya kirim . karena status di sana masih belum terinput resi . terima kasih .,"iya kak , mohon dibantu utk merubah status menjadi terkirim dengan input resi yg tadi saya kirim . karena status disana masih belum terinput resi . trims",iya kak mohon dibantu untuk merubah status menjadi terkirim dengan input resi yang tadi saya kirim. karena masih belum terpasang resi pengirim terima kasih kasih
sama . saya pakai ovo waktu goride juga tidak bisa .,sama . aku pake ovo waktu goride juga gabisa,sama. ovo waktu goride aku pakai juga tidak.
gratis ongkos kirim mengajarkan kepada saya bagaimana caranya malas .,gratis ongkir . mengajarkan kepada saya gimana caranya malas,gratis ongkos kirim. mengajarkan kepada saya bagaimana caranya malas?
mau pesan goclean mengapa tidak ada ?,same power mau pesen go - clean kok ga ada ya ?,"apakah, pesan go ada? clean -"
"kak , kalau hari sabtu , cabang yang buka di mana di daerah bandung ? karena saya mau ganti nomor handphone mbanking .",kak kalo hari ini sabtu cabang yg buka dimana yah daerah bandung ? saya mau ganti nomer hp m - banking soalnya,"kak, kalau kalau hari sabtu cabang yang buka daerah bandung? saya mau ganti nomor hp ini banking karena m - banking dimana"
kalau mau pindah ke paska bayar bagaimana ?,kalo mau pindah ke pasca bayar gmn ya ?,kalau mau pindah ke bayar bagaimana pasca?
dari tadi susah tidak dapat pengemudi . mengapa ? membuat susah saja . ada respons pula ditanya .,"dari tadi susah nggak dapat driver , kenapa sih ? nyusahin ya nggak ada respon pula ditanya .","dari tadi susah dapat? membantu,, tidak ada respons. driver kenapa"
"admin , jadi saya sudah checkout , tapi lupa bayar . apakah voucher gratis ongkos kirim hangus ?",min . jadi saya udah checkout tapi lupa bayar . apakah voucher free ongkirnya hangus ?,"admin, jadi saya sudah checkout tapi lupa bayar. apakah voucher gratis ongkos kirim hangus?nya."
yang lebih cepat dari gundala ? ya anda .,yang lebih cepat dari gundala ? ya kamu,yang lebih cepat dari gundala? kamu.
saya baru daftar / beli kartu di grapari kemarin . mengapa nomor sudah terdaftar ? bisa tolong konfirmasi ? balas secepatnya .,saya baru register / beli kartu di grapari kemaren . kenapa number already registered ? bisa tolong konfirmasi ? reply asap .,saya barupari kemarin. bisa tolong konfirmasi? balasan. kartu di gra asap?
"tadi pagi dicoba tetap tidak bisa , admin . sampai akhirnya ter - update sendiri . soalnya update - nya otomatis .",td pagi dicoba tetep gabisa min . sampai akhirnya ke update sendiri . soalnya updatenya otomatis,tadi pagi dicoba tetap bisa admin. sampai akhirnya terb update. updatenya otomatis.
untuk pengambilan apakah bisa di hari yang sama setelah mengajukan laporan ? atau harus menunggu keesokan harinya ?,untuk pengambilan apakah bisa di hari yg sama setelah mengajukan laporan ? atau harus menunggu keesokan harinya ?,untuk pengambilan apakah bisa di hari yang sama setelah mengajukan laporan? atau harus menunggu keesokan harinya?
waktu daftar go mobile melalui aplikasi itu bakal ada upload identitas sama konfirmasi melalui video chat tidak ?,waktu daftar go mobile via app itu bakal ada upload identitas sama konfirmasi via video chat tidak ?,waktu daftar go mobile konfirmasi video chat tidak? itu akan ada upload identitas dengan app. via
tokopedia sudah tidak bisa cicilan lagi ?,toped sudah tidak bisa cicilan lagi ?,top sudah tidak bisa cicilan lagi?
"halo xuserx . mohon input resi sicepat xnumberx dari nomor transaksi xnumberx , produk dropship ke alamat sesuai aplikasi bukalapak . terima kasih .","halo xuserx mohon input resi sicepat xnumberx dari no trans xnumberx , produk dropship ke alamat sesuai apk buka lapak . thax u",halo xuserx xnumberx dari nomor ke alamat sesuai pesanan buka lapak. tokober kasih. resi produk drop. mohon
admin xuserx untuk memberantas ini bagaimana ?,min xuserx utk memberantas ini bagaimana ?,"admin xuserx, untuk memberantas ini bagaimana?"
selamat malam . mohon infonya . apakah sedang ada gangguan di aplikasi mobile banking bni ?,"malam , mohon infonya , apakah sedang ada gangguan di aplikasi mbanking bni ?",selamat malam mohon ada gangguan di aplikasi buka - banking bni?nya sedang apakah sedang
apa dengan cara itu bisa daftar secara manual ?,apa dengan cara itu bisa dftr secara manual ?,apa dengan cara itu bisa registrasi secara manual?
"admin , mohon bantuannya . tolong periksa dm saya . terima kasih .","min , mohon bantuannya . tolong cek dm saya , terima kasih","admin, mohon bantuannya. tolong dm saya. terima kasih. cek"
"kak , bagaimana cara upload produk unggulan . menunya di mana ? dari list produk , terus pilih menu apa ?","kak , gmn cara upload prioduk unggulan . menunya dimana . dari list produk , trus pilih menu apa","kak, bagaimana cara untuk upload unggulan. caranya dimana dari produk, lalu pilih menu. apa?"
"admin , maaf mengapa saya tidak mau belanja xnumberx juta pakai kartu kredit tidak bisa ada pilihan metode cicilan malah bayar penuh ?",min maaf kok aku mau belanja xnumberx juta pake cc gabisa ada pilihan metode cicilan malah bayar penuh,"admin, maaf mengapa mau belanja xnumberx juta menggunakan cc tidak bisa ada pilihan metode cicilan, malah bayar aku penuh."
peduli sekali xuserx . saya juga khawatir kalau anda tidak ada promo .,care bgt sii xuserx aku juga khawatir kalo kamu gaada promo,xuserx saya juga khawatir kalau kamu tidak aku care sekali si promo.
"iya sekali , banyak yang mention akunnya , juga masalah jaringan jelek . padahal sangat butuh untuk membuat tugas .",iya bangett banyak yang mention akunnya juga masalah jaringan jelek . padahal butuh bgt buat nugas,iya. banyak yang mention akunnya juga masalah jaringan jelek padahal butuh sangat untuk nugas.
"berkat dana xuserx , beli pulsa total xnumberx bayarnya cukup xnumberx . pulsa xnumberx langsung saya pakai untuk membeli paket data telkomsel xnumberx xnumberx gb .","berkat dana xuserx dong , beli pulsa total xnumberx bayarnya cukup xnumberx . pulsa xnumberx langsung aku pake buat beli paket data tsel xnumberx gb .","berkat dana xuserx, beli pulsa total xnumberx bayarnya cukupnumberx langsungxber paket data sebanyak.. pulsa dua satu x gb aku pakai"
"mas bowo , ini pacarnya mbak ammy ya ? mengapa cemburuan sekali ? saya kan hanya pelanggan .",mas bowo ini pacarnya mba ammy ya ? kok posesif banget sih saya kan hanya customer,mas bowo pacarnya mbak ammy? mengapa pose sayasif sekali? hanya
"saya sudah coba , pulsa sudah terpakai . saya periksa mengapa masa aktifnya tidak berubah ?","sy sudah coba , pulsa sudah kepotong sy cek kok masa aktinya gk berubah ?","saya sudah coba, pulsa sudah terpotong. berubah?"
hal yang lebih cepat dari gundala ? detak jantung saya pas tupperware hilang di sekolah .,hal yg lebih cepet dr gundala ? detak jantung gua pas tupperware ilang disekolah,hal yang lebih cepat dari gundala? detak jantung saya saat tupperware hilang hilangolah.
halo . apakah harga paket unlimited pasca bayar indosat & paket new freedom prabayar indosat yang tertera pada website resminya sudah termasuk pajak ?,"halo , apakah harga paket unlimited pascabayar indosat & paket new freedom prabayar indosat yg tertera pada website resminya sudah termasuk pajak ?","halo apakah harga paket unlimited paket new freedom prabayar indosat yang tertera pada website resminya sudah termasuk pajak?ayar pascab indosat,"
apa e - money mandiri bisa untuk mrt jakarta ?,apa e money mandiri bisa untuk mrt jakarta ?,"apa kredit mandiri, bisa untuk mrt jakarta?"
"tadi sudah saya unregister sendiri , admin .",tadi sudah saya unreg sendiri min,tadi sudah saya registrasi sendiri admin.
apakah paket bhyplastic saya akan dilanjut otomatis apabila telah isi pulsa ?,apakah paketan bhyplastic saya akan di lanjut otomatis apabila telah isi pulsa,apakah paket saya akan ditindaklanjuti otomatis apabila telah isi pulsa?
"halo , admin . di roti ' o ada promo tidak ?","hallo min , di roti ' o ada promo ga ya ?","halo admin, apakah di roti e tidak tidak o ada promo?"
"habis bensin di jalan , mau ke pom bensin jauh . jad ide saja gosend .","abis bensin dijalan , mau ke pom bensin jauh so ide aja go send","setelah bensin dijalan pom bensin jauh. ide saja go - pay, ingin ke"
nabi muhammad ber - isra mi ' raj hanya sekedip sudah sampai pakai burok .,nabi muhammad isra ' mi ' raj cuman kedip udah nyampe pake burok,nabi muhammad isra'mi rajip hanya hanya burok.'ked
"admin , kenapa tahu - tahu saya punya rbt ? tidak pernah bilang iya ke sesuatu . kenapa tiba - tiba muncul lagu gak jelas ? cara menghilangkannya bagaimana ?",min knp tau tau saya punya rbt ! gak pernah say yes something kok tiba tiba muncul lagu gak jelas sih . take downnya gmn ?,"admin, tahu tahu saya punya rbt! tidak tiba - tiba muncul lagu tidak pernah yes jelas - mengapa. bagaimana say?"
asuransi link tersebut berada di posisi nomor xnumberx xuserx xuserx xuserx * xnumberx,asuransi link tersebut berada di posisi no xnumberx xuserx xuserx xuserx * xnumberx,asuransi link tersebut berada di posisi nomor xnumberx xuserx xuserx xuserx * xnumberx xuserx
"halo xuserx . jika saya ingin meningkatkan paket kartu halo saya , apakah harus datang ke grapari ? ataukah bisa dilakukan via online ?","hallo xuserx jika saya ingin mengupgrade paket kartu halo saya , apakah harus datang ke grapari ? ataukah bisa dilakukan via online ?","halo xuserx jika saya ingin paket kartu halo saya ke diantar, apakah harus datang ke grapari? ataukah bisa dilakukan melalui online? mengupgrade"
"kalau chips - nya rusak , memang masih bisa diisi saldo ? masih bisa terdeteksi ketika memeriksa sisa saldo ?",kalo chips ny rusak emang masih bisa di isi saldo ? masih bisa ke detect pas cek sisa saldo ?,kalau? masih bisa dicek cek cek sisa saldo? rusak memang masih bisa diisi saldo
"kenapa pulsa saya yang dipotong internetnya , bukan kuota saya ? dua kali pula .",kenapa pulsa saya yang dipotong internetnya bukan quota saya ? dua kali lagi duh,mengapa? dua kali pulsa saya yang dipotong internetnya bukan saya lagi.a quot
"kesal saya dengan xuserx . kuotanya sangat mahal sekali , tapi buruk sekali sinyalnya . ya allah .",kesal hamba dng xuserx kuitanya mahal banget banget banget tp buruk amat sinyalnya ya allah,"kesal xuserx, sangat mahal sekali sangat tetapi tetapi buruk sekali sinyalnya. ya hamba dengan kui allah."
"terima kasih banyak xuserx . lebih sering seperti ini ya . lumayan . aku cinta kamu , telkomsel .","tengkyu somuch xuserx . sering "" kaya gini ya . mayan lohh lapyu telkomsel",halo xuserx. sering - sering seperti ini telkomsel kasihuch som
: seberapa kamu ? ğŸ§‘ : besok saya pergi ke kampus . : terus ? ğŸ§‘ : dari malam saya sudah bersiap depan rumah dosen ğŸ¤£,: seberapa kamu ? ğŸ§‘ : besok gw pergi ke kampus . : terus ? ğŸ§‘ : dari malam gue dah standby depan rumah dosen ğŸ¤£,: seberapa kamu? : besok saya pergi ke kampus. : terus? : dari malam saya selalu depan rumah dosen.
terima kasih banyak xuserx promo xnumberx gb rp . xnumberx - nya . lebih sering mengadakan promo seperti begini lagi .,"makasih banyak xuserx promo xnumberx gb rp . xnumberx xnumberx nya , sering sering ya adain promo kaya gini lagi","terimakasih banyak xuserx promo xnumberx gb rp10. promo seperti ini ini lagi. sering - sering,"
halo . telepon genggam saya baru saja dicuri . apakah bisa memblokir akun gojek saya ?,"halo . hp saya baru saja dicuri , apakah bisa memblokir akun gojek saya ?",halo. saya baru saja dicuri apakah bisa memblokir akun gojek saya? hp
"admin , mau minta tolong periksa ulang nomor yang belakangnya xnumberx . terima kasih .","min , mau minta tolong refresh nomor dong yang belakanganya xnumberx tks","admin, mau minta tolong nomor telepon yang xnumberx. terima refresh"
"xnumberx saya belum pernah mengaktifkan kurir xuserx tapi kenapa ada pesanan menggunakan si cepat ? bagaimana ini , admin ?",xnumberx sy blm prnh aktfn kurir xuserx tp knp ada ordern mnggunkn si cepat ? gmna ni min ?,xnumberx saya belum belumpon kurir xuserx tapi tetapi mengapa ada cepat? bagaimana ini ini kalau orderannya bagaimana bagaimana?
"sebelumnya ada pilihan xnumberx kali , xnumberx kali , dan xnumberx kali cicilan pembayaran . sekarang hanya pembayaran penuh .","sebelumnya ada pilihan xnumberx x xnumberx x dan xnumberx xnumberx x cicilan pembayaran , sekarang hanya pembayaran penuh","sebelumnya ada pilihan xnumberx x dannumberxnumberx x cicilan pembayaran sekarang hanya pembayaran penuh. xx x x,number x"
transfer masih tidak bisakah ?,transfer masih ga bisa ya ?,transfer masih tidak bisa?
"admin , saya membeli token listrik gagal terus setelah memasukan pin . kenapa ?",min saya beli token listrik gagal trus setelah masukin pin kenapa ya ?,"admin, saya token listrik gagal setelah pin? beli masuk, mengapa kenapa??"
"tolong xuserx ini diproses , modus penipuan .","tolong xuserx ini di proses , modus penipuan","tolong xuserx ini diproses, modus penipuan."
"capai sekali saya harus cerita lagi . sudah saya telepon , saya kirim email . seharusnya dari tangkapan layar saya sudah bisa terbaca . pengemudi tidak memiliki jiwa sosial .",wah capek bener saya harus cerita lagi . udah saya telepon saya imel . seharusnya dari capture saya udah bisa terbaca . driver tidak memiliki jiwa sosial,saya harus bercerita. sudah saya telepon saya telepon. seharusnya bisa terbaca. pengemudi tidak memiliki jiwa sosial sekali lagi saya sudah
hi . mohon maaf atas ketidaknyamanannya . kamu bisa mengirim pesan nomor dan pertanyaan terkait melalui twitter xuserx agar dapat dibantu ditindaklanjuti . semoga cukup membantu . terima kasih .,"hi , mohon maaf atas ketidaknyamananya . kamu bisa message nomor dan pertanyaan terkait melalui twitter xuserx agar dapat dibantu ditindaklanjuti . semoga cukup membantu , terima kasih","hi mohon maaf atas ketidaknya dan pertanyaan terkait melalui twitter xuserx agar dapat dibantu ditindaklanjuti semoga cukup membantu terima kasih admin. kamu bisa nomor.nya,,"
"admin , tolong bantu cuitan saya .",min tolong bantu tweet saya .,admin tolong bantu saya.et twe
"sekarang mainnya begitukah ? pesimis dapat promonya lagi , kalau modelnya seperti itu . paling baru pakai ketika malam , karena untuk makan malam .",haahh ? sekarang mainnya gitu yaa ? pesimis dapet promonya lagi deh klo modelnya gitu . paling baru pake pas malem buat makan malem soalnya,kenapa sekarang mainnya begitu? pesimis kalau dapat promonya lagi modelnya begitu. kenapa? baru dipakai saat makan.
"admin , cara registrasi nomor untuk modem xl go bagaimana ?",min cara registrasi nomor utk modem xl go gmn ya ?,"admin, cara registrasi nomor untuk modem xl go - pay?"
ini xuserx sedang gangguankah ? mengapa tidak ada sinyalnya ?,ini xuserx lagi gangguan ya ? kok gaada sinyalnya,xuserx gangguan? kenapa ada sinyalnya?
"sudah beres , kak maya . xnumberx ) internet xl yang sangat lancar internetnya . xnumberx ) youtube xnumberx jam lancar tanpa hambatan . xnumberx ) sangat nyaman internet bersama keluarga .",done kak maya xnumberx ) internat xl yang sangat lancar internetnya xnumberx ) youtube xnumberx jam lancar tanpa hambatan xnumberx ) sangat nyaman internet bersama keluarga,"tolong kak ( maya xnumberx ) xl yang sangat lancar bersama keluarga duanumberx jam lancar, tanpa hambatan xnumberx. youtube x xnumberx sangat nyaman internet"
"stnk terbakar , adanya hanya bpkb . berkas stnk yang terbakar pun masih ada .","stnk kebakaran , adanya hanya bpkb , berkas stnknya yg terbakar pun masih ada","setelahb, berkas st yang masih ada, adanya hanya bpk terbakar., kebakaran"
bagaimana cara menghapus akun gojek ? terima kasih .,bagaimana cara menghapus akun gojek ? trims,bagaimana cara menghapus akun gojek? terima.
"admin , ini kenapa pulsa tiba - tiba hilang ? paket internet masih banyak tapi pulsa terpakai terus . mohon tindak lanjutnya .","min ini kenapa y , pulsa tiba2 ilang . paketan internet masih byk tp pulsa kesedot trs . mohon follow up nya !","admin internet masih tersendat, tapi pulsa tersendat. mohon ditindaklanjutinya! tiba - tiba. hilang paket pulsa"
hai . tindak lanjut untuk resi nomor ini : jp xphonex . masa terhenti terus di bekasi .,woi follow up lah resi nomer ini : jp xphonex masa stuck mulu sih di bekasi,ayo resi nomor ini : jp xphonex di bekasi.
pengamat keamanan siber tidak bisa membedakan antara dns resolver dan vpn . kocak .,pengamat keamanan siber ga bs bedain antara dns resolver dan vpn . kocak .,pengamat keamanan siber tidak bisa membedakan antara aplikasi resolver dan vpn. koc saja.
agar dapat hadiah ulang tahun bagaimanakah ? saya mau .,biar dapet birthday gift gimana sii . pengen dong,ingin dapat birthday gift bagaimana. ingin.
"hai , admin xuserx . mantap sekali karyawannya sudah mengikuti peraturan operasional dengan baik .","dear , admin xuserx . mantap sekali karyawannya sudah mengikuti sop dengan baik .",", admin xuserx. mantap sekali sudah mengikuti dengan baik. dear sop"
"halo xuserx , xuserx . saya isi ulang mengapa tidak masuk - masuk ? boleh tolong dibantu ?",halo xuserx xuserx saya top up kok ga masuk - masuk ya ? boleh tolong dibantu ?,halo xuserx xuserx saya masuk - masuk? boleh tolong dibantu top up mengapa tidak?
mengapa xnumberx minggu ini lambatnya makin parah ?,kenapa ya xnumberx minggu ini lemotnya makin parah ?,xnumberx minggu ini lambat makin parah?nya kenapa
ini xuserx serius sedang bermasalah ? bahkan menelepon xnumberx saja tidak bisa .,ini xuserx beneran lagi bermasalah ya ? bahkan nelfon xnumberx aja ga bisa .,ini xuserx betul betul benar bermasalah? bahkan mengirim telepon xnumberx saja tidak bisa. lagi
"sayang xuserx , saya mengikuti ini ya .",yaang xuserx aku ikutan ini yaa,"ya xuserx, mengapa aku ingin ikutan ini."
jaringan di kota malang hari ini melambat .,jaringan di kota malang gari ini melambat,"jaringan di kota malang, ini lambat."
"om - om , mengapa grabfood bermasalah ? masa iya saya harus makan mantan ?","om om , kok grabfood error , masa iya aku harus makan mantan ?","makan mantan?, mengapa grabfood harus aku error?"
"admin , saya mau bertanya . ini kalau menabung emas di tokopedia , nanti bisa minta barang fisiknya tidak ?","min nanya , ini kalau nabung emas di tokopedia nantinya bisa minta barang fisiknya nggak ?","admin bertanya, kalau membeli emas di tokopedia, bisa minta barang fisiknya tidak? nantinya"
"admin , koneksi internet indosat setiap malam akhir - akhir ini jeleknya keterlaluan . mohon untuk segera ditindaklanjuti permasalahan ini , karena sangat merugikan kami sebagai pengguna .","min koneksi internet indosat disetiap malam akhir2 ini jeleknya kelewatan , mohon untuk segera tindaklanjuti permasalahan ini krn sangat merugikan kami sbg pengguna .",adminnya terlalu pantas. mohon untuk segera permasalahan ini karena sangat merugikan kami sebagai pengguna setia menggunakan koneksi internet indosat setiap malam akhir.. ini jeleklanjuti tindak
"admin , mohon periksa dm . saya mau pesan grabfood ini darurat sekali . tolong dipercepat prosesnya .",min cek dm dong . saya mau pesen grabfood ini urgent bgt . tg di percepat prosesnya,admin. saya mau pesan grabfood dm. prosesnya.
"admin , saya sedih . maunya tetap dikirim bukunya .","yahh minn sedihh , maunya tetep dikirim bukunya hikss",admin admin sedih dikirim bukunya.aha.
sudah saya kirim dm . tolong diperiksa .,sudah saya dm tolong di check .,sudah saya dm tolong dicek cek.
"admin , mengapa indosat jelek terus sinyalnya hari ini ?",min ko indosat jelek mulu ya sinyalnya hari ini,admin mengapa sinyalnya hari indosat selalu selalu seperti ini?
"hati - hati dengan kartu kredit bri . saya sudah lapor untuk penutupan kartu kredit sebelum biaya tahunan jatuh tempo , tapi tetap harus bayar .",hati hati dg credit card bri . saya sdh lapor utk penutupan credit card sebelum annual fee jatuh tempo tapi tetap harus bayar,tetap harus bayar ke bri. saya sudah lapor untuk penutupan kredit sebelum jatuh tempo. credit card card hati
"permisi xuserx , bagaimana transaksi saya resi si cepat tidak memperbarui .",permisi xuserx bagaimana transaksi saya resi sicepat tidak update2,permisi xuserx. bagaimana transaksi saya resi sicepat tidak terbahar ubah.
kamu tidak mau berbagi kode promo apa !,lu gamau bagi bagi kode promo apa,kamu tidak tahu bagi kode promo bagi apa?
"dibilangnya "" pengemudi telah sampai , padahal masih jauh sekali . tolong dibenarkan sistem pemberitahuannya .","dibilangnya "" driver has arrived "" padahal masih jauh banget . tolong di benerin sistem pemberitahuannya ya .","dikatakan jauh sekali tolong dipercepat sistem pemberitahuannya. "" padahal masih """
"admin , di akun im3 saya ada tagihan atas nomor lain . maksudnya apa ini ? saya tidak merasa punya nomor itu .",min di akun im3 ku ada tagihan atas nomor lain mksdnya apa ini ? saya g ngerasa punya nomor itu,"admin di akun im3 aku ada tagihan atas nomor lain maksudnya apa ini? punya nomor itu, saya tidak."
"admin , boleh tau detail dan harga paket yang xnumberx bulan ?",min boleh tau detail dan harha paket yg xnumberx bulan ?,"admin,numberx bulan? detail dan jelas paket yang x"
kembalikan pulsa saya . terpakai terus .,balikin pulsa gw ! kesedot mulu arkhh,kembalikan pulsa saya! selalu selalu melulu.
"saya baru saja ditransfer oleh kakak ke rekening bca saya , tapi mengapa tidak masuk , admin ? mohon solusinya .","saya barusan ditrf sama kakak ke rek bca saya tapi kok ga masuk ya min , mohon solusinya",saya barus kakak ke rekening bca saya tapi mengapa tidak masuk? mohon solusinya dibantuan.
"biasanya ada penyesuaian harga dari warungnya , karena warungya tidak mau dipotong komisi grabfood .",biasanya ada penyesuaian harga dr warungnya . karna warungnya ga mau dipotong komisi grabfood,biasanya ada penyesuaian harga dari warungnya warung komisi grabfood pembayarannya tidak. karena
"padahal dapat , kalau membeli yang besar .",pdhl dapet tau kl beli yang large,padahal mendapatkan tahu kalau beli yang besar.
"baru saja isi paket , ada promo rp . xnumberx . aduh . terima kasih .",baru banget isi paket eh ada promo rp xnumberx hadehh terimakasih,"baru isi paket ternyata ada promo rpx x,, xnumberx."
"jp xphonex admin , tolong ini paket saya tidak sampai - sampai , padahal pengiriman sesama jakarta bisa xnumberx hari .","jp xphonex min tolong dong ini paket saya ga nyampe nyampe , padahal ngirim sesama jakarta bisa xnumberx harian .","jp xphonex admin tolong paket saya tidak sampai sampai, padahal mengirim sesama jakarta, hanya bisa harian."
kakek - kakek masih mengeluhkan paket . bermodal kenapa !,"aki2 sih masih ngeluh paket , modal napa",aki masih membalik paket.
baik . tapi kalau transfer ke akun ovo tidak ada batas maksimalnya kan ?,"oh baik , tapi kalau trf ke akun ovo tdk ada batas maksimalnya kan yaa ?",baik kalau login ke akun ovo tidak ada batas maksimalnya kan?
"admin , mau bertanya . kalau produk tidak ada ikon tambah keranjang atau beli itu kenapa ? padahal tidak ada keterangan stok kosong .",min mau tany kl product ga da icon tmbah keranjang atau beli itu knp ya pdhal tdk ada ket stock kosong .,"admin, mau cek, kalau. keranjang atau beli itu mengapa mengapa tidak ada stok kosong. iconbah product tidak ada."
": seberapa kamu ? ğŸ§‘ : saya tidak suka membuang makanan : terus ? ğŸ§‘ : jadi kalau makan kuaci , saya makan sama kulitnya .",: seberapa kamu ? ğŸ§‘ : aku gak suka buang makanan : terus ? ğŸ§‘ : jadi kalo makan kuaci aku makan sama kulitnya,"makan sama kulitnya, kamu? suka makanan. : aku tidak jadi kalau makan akuaci aku? seberapa"
"sudah saya kirim dm . baca saja riwayat perpesanannya . astaga . sabar sekali saya pakai penyedia xl . semakin hari bukannya semakin baik , malah semakin parah permasalahannya .",udah saya dm . baca aja chat history nya . astaghfirullahh sabar bgt gue pake provider xl . makin hari bukannya makin baik malah makin parah erornya,sudah saya dm. baca saja hari bukannya baik malah xl. semakin sabar. saya saya menggunakan provider makin parah.nya makin. menyeb allah allah.
xuserx sedang bermasalah . pantas tidak bisa - bisa dan saya harus ambil hotspot dari telepon genggam satunya yang pakai xuserx lancar jaya . terima kasih .,"oo xuserx lagi eror . pntesan g bisa2 , dan aku harus ambil hotspot dr hp xnumberx nya yg pake xuserx lancar jaya , trimakasii","xuserx. tidak bisa -, dan harus ambil hotspot dariserx lancar jaya. terima kasih kasih g oo hp yang pakai xuan aku lagi error"
"menunggu promo yang xnumberx xnumberx gb harganya tidak turun - turun , terpaksa beli yang xnumberx ribu , xnumberx xnumberx gb . oke . terima kasih , admin .","nunggu promo yg xnumberx xnumberx gb harga ' y ga turun2 , terpaksa beli yg xnumberx . rb xnumberx xnumberx gb ok tkz ya min .",menunggu promo yang xnumberx xnumberx gb. harganya turun. terpaksa beli yang xnumberx ribu atau xnumberx xnumberx gb. oke. harga'tidak tidak. ribu ya admin.
"tidak sampai , admin . saya tahu mbaknya penipu .",ga sampai kok min aku tau mbaknya nipu,tidak sampai admin sampai aku tahu mbaknya.
"saya melakukan pembukaan tabungan lewat bca mobile , namun saat tahap panggilan video dengan pelayanan pelanggan , selalu tidak bisa .","saya melakukan pembukaan tabungan lewat bca mobile namun saat tahap untuk video call dengan customer service , selalu tidak bisa","saya melakukan pembukaan tabungan lewat bca mobile namun saat tahap video dengan, selalu tidak bisa menghubungi call customer service untuk"
ini mengapa kuota malam saya tidak bisa dipakai ?,ini kok kuota malem saya gabisa dipake ya ?,mengapa ini kuota malam saya tidak bisa dipakai dipakai?
paket internet best deal combo xnumberx xnumberx gb sudah tidak ada lagikah ?,paket internet best deal combo xnumberx xnumberx gb udah gak ada lg ya ?,apakah paket internet best deal combo xnumberx xnumberx gb sudah tidak ada lagi?
mengapa ketika mau login seperti begini terus ?,kenapa pas mau login kaya gini terus ya ?,mau login seperti ini terus kenapa tidak?
kualitas sinyal bagus tapi ping - nya mengapa jadi xnumberx digit sekarang ? ada masalah transportasikah ?,signal quality bagus tp ping nya kok jadi xnumberx digit skrg ? ada masalah transport kah ?,sinyal sinyal sinyal bagus tetapi pingnya jadi xnumberx digit sekarang? ada masalah? quality
"pulsa hilang terus , lalu jaringan berdenyut seperti bisul mau pecah . lagi menekan biaya produksikah ? saya bayar , tapi setiap hari dikerjai .","pulsa hilang terus , lalu jaringan cenat cenut kaya bisul mau pecah . lagi neken biaya produksi ya ? saya bayar loh , tapi setiap hari dikerjain .","pulsa hilang, lalu jaringan biaya produksi? saya bayar setiap hari dibainkanut, mau.."
"hai , mbak arin . semoga dapat ganti yang lebih baik ya mbak .","eh mbak ariinn , semoga dapet ganti yang lebih baik ya mbaak",ganti yang lebih baik mbak mbak eh mbak admin semoga dapat
selamat malam . saya mau bertanya . mobile banking saya tiba - tiba terblokir . mengapa ya ?,"malam , saya mau nanya mobile banking saya tiba tiba ke blockir , kenapa yaa ?","tadi malam saya mau tanya mobile banking saya tiba - tiba? kenapa,,"
tapi mengapa untuk grabbike tidak ada promo lagi sekarang ? saya sedih . ingin berpaling saja .,tapi ko untuk grab bike ga ada promo lagi ya sekarang ? ku sedih ingin berpaling saja ',mengapa tapi mengapa untuk grabbikeikeikeike tidak ada promo lagi sekarang? aku sedih ingin berpaling saja.
"alhamdulilah ya allah . dapat serius saldo ovo sejuta dari xuserx yang menyelesaikan tantangannya kemarin . terima kasih , grab !",alhamdulillah ya allah dapet beneran saldo ovo sejuta dari xuserx yg selsein tantangannya kemarin . thank you grab !,ya allah dapat betul saldo ovo sejuta dari xuserx yang tahan tantangannya kemarin yang terima kasih kasih. terima kasih grab! alhamdulillah
"kecepatannya saja menurun , sangat tidak stabil padahal tersambung xnumberx g + .","apaan speednya aja down , ga stabil banget padahal nyambung xnumberx g +",##nya saja stabil padahal terhubung xnumberx g + e - down. tidak apa -?
"itu urutan caranya dari nomor xnumberx langsung loncat ke nomor xnumberx , admin .",itu urutan caranya dari no . xnumberx langsung loncat ke no . xnumberx ya min,"itu urutan caranya dari nomor xnumberx langsung ke nomor xnumberx, admin.."
iya . tolong tindak lanjutnya . saya sudah bayar yes .,"iya , tolong fu nya . saya sdh bayar yes","iya, tolong sayapnya. saya sudah bayar yes."
heran tiap hari ada saja masalahnya . menelepon pusat panggilan juga tidak ada solusi .,"heran , tiap hari aja ada masalahnya . nelpon call center juga tdk ada solusi .","heran, setiap ada masalahnya. menelepon telepon center juga tidak ada solusi. hari saja"
betul . karena tidak mungkin saya menyampaikan keluhan via cuitan . karena terdapat informasi penting .,"betul , karna tidak mungkin saya menyampaikan keluhan via tweet . terdapat informasi penting soalnya","betul tidak mungkin saya menyampaikan keluhan. terdapat informasi penting karena, karena tweet"
"oke . demi anda dan demi anda yang kode itu , saya pantau terus . tapi jangan beri harapan palsu . saya tidak suka .",ok demi kamu dan demi yang kamu kode itu aku pantengin terus tapi jangan php ya ak gak suka,"demi dan demi yang kamu kode itu terus, tetapi jangan suka kalau kamu aku ajakkankankan php? ok"
"ayo , saya belum dapat .",ayo dong aku blm dapet ni,"ayo,, aku belum mendapatkannya. ini."
"lihat , admin , sampai saya nyalakan notifikasinya . pokoknya segalanya untuk anda .","tuh min sampe aku nyalain notif nya , pokoknya sgalanya untuk mu",itu sampai notifikasinya aku gunakan untuk kamu.
saya pikir saya saja yang merasakan .,aku pikir aku aja yg merasakan,pikir merasakan saja aku saja yang aku
"akun virtual bca sedang bersalahkah , admin ?",virtual acc bca lagi eror min ?,virtual account bca?
pelayanan untuk pelanggan sangat ramah . tapi saya mau bertanya . potongan kuota xnumberx xnumberx mb itu untuk donasi apakah ?,"pelayanan untuk customer sangat ramah tapi saya mau nanya , potongan kuota xnumberx xnumberx mb itu untuk donasi apa ya ?","pelayanan untuk sangat ramah tetapi saya mau tanya potongan kuota xnumberx mb untuk donasi apa customer,?"
"admin , ini bagaimana saya setiap transfer ke rekening ovo , tapi tidak pernah masuk ke grab - nya ?",min ini gimana ya saya setiap transfer ke rekening ovo tapi ga pernah masuk ke grabnya ?,"admin, ini bagaimana saya setiap transfer ke rekening ovo tidak, tapi tidak pernah masuk ke grab?"
sudah mendingan mbak sekarang . sudah banyak pengemudi .,udah mendingan mb sekarang . udah banyak driver,sudah baik mb sekarang sudah banyak.
"tidak berani , takut pengemudinya kena masalah .","ngga berani , takut drivernya kena masalah","tidak berani, takutnya kena driver masalah."
"hi , kak odi . apabila anda memiliki pertanyaan mengenai pemesanan di lazada , bisa langsung ke akun xuserx ya , agar nanti dapat dibantu lebih lanjut .","hi kak odi , apabila kamu memiliki pertanyaan mengenai pemesanan di lazada bisa langsung ke akun xuserx ya agar nanti dapat dibantu lebih lanjut .","hi kak odi, apabila memiliki pertanyaan mengenai pemesanan di lazada bisa langsung ke akun xuserx. agar nanti dapat dibantu lebih lanjut kamu."
saya mau bertanya . mengapa masa aktif best deal internet masa aktifnya tidak tepat ? mohon penjelasannya .,saya mau tanya kenapa masa aktif best deal internet masa aktif tidak tepat mohon penjelasannya,saya mau masa aktif best deal internet masa aktif tidak tepat. mohon penjelasannya. tanya
"tolong smartfren sinyalnya diperbagus sedikit kenapa . kadang bisa xnumberx atau xnumberx sinyal , bahkan sampai x .",tolong smartfreen sinyalnya bagusin dikit napa kadang bisa xnumberx atau xnumberx sinyal . bahkan sampai x,"tolong smartnya kadang bisa xnumberx atau xnumber sinyal. bahkan sampai x, bagus. sedikit tidak. sinyal"
tidak bisa membedakan pertanyaan dengan komplain . tolol . orang idiot mengapa bisa dipakai sama penyedia layanan ini . bangsat xl !,ngak bisa bedain pertanyaan dgn komplain tolol . org idiot kok bisa di pake ama ini provider bangsat xl,tidak bisa membedakan pertanyaan dengan komplain tolol. orang bodoh bisa dipakai dengan ini? service provider penipu xl.
"tidak tahu . sebal mayo . iya , nanti saya mau laporkan ke pusat bantuan saja . di sini juga tidak diperdulikan .",ngatau ih sbl mayoo iya ntar aku mau repprt di help center aja disini jg nga dipeduliin,beri kasih nanti nanti mau registrasi di help center juga dipercepat aku
"ha sungwoon , red velvet , tiffany , young kyuhyun",ha sungwoon red velvet tiffany young kyuhyun,ha sungwoon red velvet tiffany young kyuhyun.
selempak . kenapa anda atur pengaturan tetap paylater ? bayar xnumberx terkena penagihan paylater xnumberx ribu .,sempak ngapain lo set default payment paylater ya ? bayar xnumberx kena charge paylater xnumberx xnumberx rb .,"baru, saya saya set paylater? bayar xnumberx ribu paylater xnumberx ribu. default charge payment kena pay"
"kak , tolong . bagaimana orang mau minta tolong keluhan tentang indosat , kalau akunnya kalian sendiri tidak membuka dm ?","kak tolong ya tolong , gimana orang mau minta tolong keluhan tentang indosat kalau akunnya kalian sendiri nggak open dm ?","kak, bagaimana orang mau minta kalian sendiri tidak terbuka dm? tentang indosat kalau akun ya tolong dibalas. tolong"
"sudah xnumberx menit tertahan bergini terus , padahal koneksi internet saya normal . tolong dibantu .","udah xnumberx menit stuck gini terus , padahal koneksi internet saya normal . tolong di bantu",sudah. padahal koneksi internet saya normal xnumberx menit lag ini terus. tolong dibantu.
terima kasih untuk informasinya . sudah ditindaklanjuti melalui email oleh medya wulansari . terima kasih atas perhatiannya .,"terimakasih utk informasinya , sdh di fu by email oleh meyda wulansari . terimakasih utk attensi",terimakasih untuk informasinya. terima kasih sudah email oleh wulansari. terima kasih untuk pesan di facebook. meyda
"hai . mengapa internet saya lambat , padahal saya membeli kuota tak terbatas , tak terbatas segalanya bisa lambat begitu ?","ey , kenapa internet sy lemot yh , padahal sy beli nya unlimited quota , unlimited segala nya , bisa lemot gt ?","hai, kenapa internet saya lambat sekali, bisa lambat sekali? padahal barangnya unlimlimited., united"
di kebon sirih sinyal terulang e terus berhari - hari . sedang tidak stabil atau bagaimana ?,di kebo sirih sinyal bolak balik e terus nih berhari2 . lagi ga stabil apa gimana sih ?,berhari - hari. sedang tidak stabil? bolak - balik e apa bagaimana sinyal
"hai , admin . tolong periksa secara maksimal bisa diantar kurir kapan ? sudah ditunggu .",hi admin tlg check dimaksmal bisa diantar kurir kapan sudah ditungguin,"hai admin, periksa bisa diantar kurir kapan sudah ditunggu?."
"kak agnes , kalau mau komplain akun twitter - nya jangan dikunci kak . xuserx tidak bisa baca cuitannya kalau dikunci .","kak agnes , kalau mau komplain twitternya jgn di lock kak wkwkwkw . xuserx nya ga bisa baca tweetnya kalau private","kak agnes, kalau mau komplain twitter. kakak, xuserx tidak tidak bisa bacanya kalau private privatenya jangan dicekunci kak.aha.et twe"
nomor saya kenapa untuk xnumberx g suka naik turun ?,nomor saya kok untuk xnumberx g suka naik turun ?,mengapa nomor saya mengapa mengapa untuk xnumberx g naik - turun?
"admin , tolong dibantu periksa resi xnumberx , sudah xnumberx hari tidak ada pergerakan .","min tolong di bantu cek resi xnumberx , sudah xnumberx hari ndak ada pergerakan .","admin tolong dibantu resi xnumberx sudah xnumberx hari tidak ada pergerakan., cek"
"yth , admin gojek . tadi sore istri saya mengalami perlakuan kasar secara lisan pada saat naik gocar . mohon ditindaklanjuti . berikut identitas pengemudi .",yth admin gojek . tadi sore istri sy mengalami perlakuan kasar scr lisan pada saat naik gocar . mhn ditindaklanjuti . berikut identitas pengemudi .,kepada admin gojek. tadi sore istri saya mengalami perlakuan kasar secara lisan pada saat naik gocar. mohon ditindaklanjuti. berikut identitas pengemudi.
"selamat malam , admin . saya memasang paket malam dan paketnya aktif ketika saya menghidupkan data . mengapa pulsa saya hilang ?",slamat malam admin . saya masang paket malam dan paket nya aktif pas saya menghidup kan data knpa pulsa saya hilang ?,selamat malam admin. saya mengisi paket malam dan saya data kenapa pulsa saya hilang aktif saat?
"mengapa cari pengemudi akhir - akhir ini susah ? sudah setengah jam pesan gofood , tidak dapat pengemudi . kasihani saya , sebentar lagi mati .",kenapa sih cari driver akhir2 ini susah udah stengah jam order gofood gak dpt driver kasianin aku dong bentar lagi dead,cari akhir - akhir ini susah. sudah. jam gofood tidak pengemudi. aku akan sedang. order driver
jadi begini kualitas layanan pengaduan shopee ? ditanya berkali - kali lewat email perihal kiriman fiktif ini malah tidak dibalas sama sekali .,oh jd gini kualitas layanan pengaduan shopee . ditanya berkali2 lewat email perihal kiriman fiktif ini malah gak dibls sama sekali,apakah seperti ini kualitas layanan pengaduan shopee berkali - kali lewat email perihal kiriman fiktif ini malah tidak dires sama sama. ditanya sekali.
"sudah kak . sekitar xnumberx bulan yang lalu , toko saya sudah menjadi "" power merchant .",sudah kak . skitr xnumberx bulan lalu toko saya sudh power merchant,sudah kak. hitung xnumberx bulan lalu toko saya sudah power bateraiant.
yang paling baik dihilangkan kurir silambatnya .,yg paling baik dihilangkan kurir silambatnya,yang paling baik dihilangkan kurir silambatnya.
"kak , mohon baca dm ya . darurat .","kak please baca dm ya , urgent","kak, please baca dm."
ini grab kitchen bandung mengapa yang buka hanya satu ? yang mau dipesan tutup semua . padahal tadi malam masih buka .,ini grabkitchen bandung napa yang buka cuma satu sih ? yang pengen dipesen tutup semua . padahal td malem masih buka,ini grabchen bandung kenapa yang buka satu? yang inginesen tutup semua. padahal tadi malam masih buka. cumakit
di aplikasi gojek tidak ada gohug ?,diapk gojek ga ada gohug ? cause i really really need it ),gojek tidak ada gojek? saya saya dibutuhkan.
mengapa malah tambah lambat jaringan saya ?,kok malah tambah lemot jaringan saya,mengapa malah tambah lambat jaringan saya?
halo xuserx . sedang ada masalah apakah ? mau membeli paket yellow kenapa dari tadi tidak bisa ?,halo sat xuserx lagi ada troble apani . mau paketin yellow kok daritadi gabisa ?,halo adminser kasih xuserx. ingin ada yang lagi yellow?
"admin , tolong periksa dm saya terkait keluhan paket saya .","min , tolong cek dm saya terkait keluhan paket saya .","admin, tolong dm saya terkait keluhan paket saya. cek"
"halo , admin xuserx . paket xnumberx sudah sampai mana ? pelacakan tidak ada kemajuan . mohon bantuannya .",halo admin xuserx paket eg713312672kr sudh sampai mana ? tracking gada progress help ^^,halo admin xuserx paket mana? data tidak tidak bantuan7r sudah sampai1331 eg
"hai , xuserx . daftar transfer ke bank btn mengapa tidak valid terus ?",hai xuserx daftar transfer ke bank btn kok invalid terus kenapa ya ?,"hai xuserx, daftar transfer ke bank btn mengapa ditangguhkan??"
